# Lexia 3 USB traffic dump
# timestamp,type,direction,endpoint,device,length,hex_data
1773510312.899766,S,OUT,6,78,25,400915c000fe0000aa00000000000000000000000000000039
1773510312.900742,C,IN ,5,78,3,064009
1773510312.901189,S,OUT,6,78,5,410901c0f4
1773510312.901643,C,IN ,5,78,4,42410900
1773510312.901942,S,OUT,6,78,5,430901c0f2
1773510312.902716,C,IN ,5,78,27,440917c000fe0000aa000000000000fe020001aa00000000010087
1773510312.903195,S,OUT,6,78,3,064409
1773510312.907406,S,OUT,6,78,26,400916c0000b0100aa0000000000000000000000000000000327
1773510312.922422,C,IN ,5,78,3,064009
1773510312.923029,S,OUT,6,78,5,410901c0f4
1773510312.923543,C,IN ,5,78,4,42410900
1773510312.923973,S,OUT,6,78,5,430901c0f2
1773510312.924723,C,IN ,5,78,27,440917c0000b0100aa0000000000000b020001aa000000000c6100
1773510312.925191,S,OUT,6,78,3,064409
1773510325.169338,S,OUT,6,78,27,400917c0ff020200000000000000000000000000000000001001cb
1773510325.171018,C,IN ,5,78,3,064009
1773510325.171379,S,OUT,6,78,5,410901c0f4
1773510325.174246,C,IN ,5,78,4,42410901
1773510325.174649,S,OUT,6,78,5,410901c0f4
1773510325.175123,C,IN ,5,78,4,42410901
1773510325.175482,S,OUT,6,78,5,410901c0f4
1773510325.175991,C,IN ,5,78,4,42410901
1773510325.176365,S,OUT,6,78,5,410901c0f4
1773510325.176773,C,IN ,5,78,4,42410901
1773510325.177055,S,OUT,6,78,5,410901c0f4
1773510325.177486,C,IN ,5,78,4,42410901
1773510325.177792,S,OUT,6,78,5,410901c0f4
1773510325.178236,C,IN ,5,78,4,42410901
1773510325.178658,S,OUT,6,78,5,410901c0f4
1773510325.179837,C,IN ,5,78,4,42410901
1773510325.180379,S,OUT,6,78,5,410901c0f4
1773510325.183234,C,IN ,5,78,4,42410901
1773510325.184139,S,OUT,6,78,5,410901c0f4
1773510325.184670,C,IN ,5,78,4,42410901
1773510325.185110,S,OUT,6,78,5,410901c0f4
1773510325.185569,C,IN ,5,78,4,42410901
1773510325.186482,S,OUT,6,78,5,410901c0f4
1773510325.187031,C,IN ,5,78,4,42410901
1773510325.187461,S,OUT,6,78,5,410901c0f4
1773510325.187952,C,IN ,5,78,4,42410901
1773510325.188328,S,OUT,6,78,5,410901c0f4
1773510325.188779,C,IN ,5,78,4,42410901
1773510325.189081,S,OUT,6,78,5,410901c0f4
1773510325.189515,C,IN ,5,78,4,42410901
1773510325.189791,S,OUT,6,78,5,410901c0f4
1773510325.190196,C,IN ,5,78,4,42410901
1773510325.190459,S,OUT,6,78,5,410901c0f4
1773510325.190876,C,IN ,5,78,4,42410901
1773510325.191181,S,OUT,6,78,5,410901c0f4
1773510325.191617,C,IN ,5,78,4,42410901
1773510325.191890,S,OUT,6,78,5,410901c0f4
1773510325.192370,C,IN ,5,78,4,42410901
1773510325.192664,S,OUT,6,78,5,410901c0f4
1773510325.193136,C,IN ,5,78,4,42410901
1773510325.193408,S,OUT,6,78,5,410901c0f4
1773510325.194175,C,IN ,5,78,4,42410901
1773510325.194617,S,OUT,6,78,5,410901c0f4
1773510325.195271,C,IN ,5,78,4,42410900
1773510325.195585,S,OUT,6,78,5,430901c0f2
1773510325.196291,C,IN ,5,78,32,44091cc0ff020200000000000000ff02070001aa0000000001120200055001b5
1773510325.196600,S,OUT,6,78,3,064409
1773510325.332085,S,OUT,6,78,25,400915c000fe0000aa00000000000000000000000000000039
1773510325.333056,C,IN ,5,78,3,064009
1773510325.334357,S,OUT,6,78,5,410901c0f4
1773510325.334883,C,IN ,5,78,4,42410900
1773510325.335316,S,OUT,6,78,5,430901c0f2
1773510325.336000,C,IN ,5,78,27,440917c000fe0000aa000000000000fe020001aa00000000000088
1773510325.336506,S,OUT,6,78,3,064409
1773510325.342579,S,OUT,6,78,53,400931c000051c00aa0000000000000000000000000000004646585858584330312b32585843325858583030303030303030303000
1773510325.496912,C,IN ,5,78,3,064009
1773510325.497986,S,OUT,6,78,5,410901c0f4
1773510325.499132,C,IN ,5,78,4,42410900
1773510325.500131,S,OUT,6,78,5,430901c0f2
1773510325.501388,C,IN ,5,78,25,440915c000051c00aa00000000000005000003aa0000000060
1773510325.502505,S,OUT,6,78,3,064409
1773510325.506299,S,OUT,6,78,256,4009fc800016a401aa0000000000000000000000000000005400fa0054010a00540219005403fa00540400005405fa00540604005407e8035408000054090a00540a8813540b0000540c000050000000500152075002520650030a004355000001015600ff005200ff004355000002025600ff005200ff004355000003025600ff005200ff004350b80b0400443e4400417e41004350b80b0500443e4400417e41004355000006005600ff005200ff004355000007014410560101005200ff004355000008014410560101005200ff004355000009024410560101005200ff0043550000100044355601040044115200ff00435500001100442e5601ff005293
1773510325.510390,C,IN ,5,78,3,064009
1773510325.511352,S,OUT,6,78,194,4009be4100ff0043550000120044225601ff005200ff004355000013004419440244094159410241095203fc0043550000140044194401440941594101410941005204020043550000150044125601ff005200ff00435500001600441444ff44ff44ff41544355000017014422560102005200ff0043550000180044345601ff005200ff00435500001901442f5601ff005200ff004354000020005600ff005200ff0043550000210144315601ff005200ff0043550000ff005600ff005200ff00bb
1773510325.589550,C,IN ,5,78,3,064009
1773510325.590769,S,OUT,6,78,5,410901c0f4
1773510325.592006,C,IN ,5,78,4,42410900
1773510325.593384,S,OUT,6,78,5,430901c0f2
1773510325.594603,C,IN ,5,78,26,440916c00016a401aa00000000000016010001aa0000000001b4
1773510325.595711,S,OUT,6,78,3,064409
1773510325.691497,S,OUT,6,78,27,400917c0ff010200000000000000000000000000000000001003ca
1773510325.693234,C,IN ,5,78,3,064009
1773510325.694600,S,OUT,6,78,5,410901c0f4
1773510325.696843,C,IN ,5,78,4,42410901
1773510325.698618,S,OUT,6,78,5,410901c0f4
1773510325.699991,C,IN ,5,78,4,42410901
1773510325.700906,S,OUT,6,78,5,410901c0f4
1773510325.701995,C,IN ,5,78,4,42410901
1773510325.703004,S,OUT,6,78,5,410901c0f4
1773510325.705331,C,IN ,5,78,4,42410901
1773510325.706278,S,OUT,6,78,5,410901c0f4
1773510325.707535,C,IN ,5,78,4,42410901
1773510325.708720,S,OUT,6,78,5,410901c0f4
1773510325.710562,C,IN ,5,78,4,42410901
1773510325.712539,S,OUT,6,78,5,410901c0f4
1773510325.713651,C,IN ,5,78,4,42410901
1773510325.714550,S,OUT,6,78,5,410901c0f4
1773510325.715686,C,IN ,5,78,4,42410900
1773510325.716496,S,OUT,6,78,5,430901c0f2
1773510325.717366,C,IN ,5,78,32,44091cc0ff010200000000000000ff01070001aa0000000001120200055003b5
1773510325.718183,S,OUT,6,78,3,064409
1773510325.906943,S,OUT,6,78,28,400918c0ff0603006300000000000000000000000000000022f080e1
1773510325.908681,C,IN ,5,78,3,064009
1773510325.909089,S,OUT,6,78,5,410901c0f4
1773510325.911902,C,IN ,5,78,4,42410901
1773510325.912295,S,OUT,6,78,5,410901c0f4
1773510325.912965,C,IN ,5,78,4,42410901
1773510325.913284,S,OUT,6,78,5,410901c0f4
1773510325.913846,C,IN ,5,78,4,42410901
1773510325.914168,S,OUT,6,78,5,410901c0f4
1773510325.914661,C,IN ,5,78,4,42410901
1773510325.915027,S,OUT,6,78,5,410901c0f4
1773510325.915384,C,IN ,5,78,4,42410901
1773510325.915646,S,OUT,6,78,5,410901c0f4
1773510325.916041,C,IN ,5,78,4,42410901
1773510325.916326,S,OUT,6,78,5,410901c0f4
1773510325.916777,C,IN ,5,78,4,42410901
1773510325.917077,S,OUT,6,78,5,410901c0f4
1773510325.917406,C,IN ,5,78,4,42410901
1773510325.917670,S,OUT,6,78,5,410901c0f4
1773510325.918033,C,IN ,5,78,4,42410901
1773510325.918288,S,OUT,6,78,5,410901c0f4
1773510325.918775,C,IN ,5,78,4,42410901
1773510325.918998,S,OUT,6,78,5,410901c0f4
1773510325.919399,C,IN ,5,78,4,42410901
1773510325.919616,S,OUT,6,78,5,410901c0f4
1773510325.919939,C,IN ,5,78,4,42410901
1773510325.920168,S,OUT,6,78,5,410901c0f4
1773510325.920590,C,IN ,5,78,4,42410901
1773510325.920870,S,OUT,6,78,5,410901c0f4
1773510325.921224,C,IN ,5,78,4,42410901
1773510325.921519,S,OUT,6,78,5,410901c0f4
1773510325.921905,C,IN ,5,78,4,42410901
1773510325.922167,S,OUT,6,78,5,410901c0f4
1773510325.922648,C,IN ,5,78,4,42410901
1773510325.922942,S,OUT,6,78,5,410901c0f4
1773510325.923330,C,IN ,5,78,4,42410901
1773510325.923632,S,OUT,6,78,5,410901c0f4
1773510325.923994,C,IN ,5,78,4,42410901
1773510325.924272,S,OUT,6,78,5,410901c0f4
1773510325.924682,C,IN ,5,78,4,42410901
1773510325.924972,S,OUT,6,78,5,410901c0f4
1773510325.925331,C,IN ,5,78,4,42410901
1773510325.925597,S,OUT,6,78,5,410901c0f4
1773510325.925929,C,IN ,5,78,4,42410901
1773510325.926191,S,OUT,6,78,5,410901c0f4
1773510325.926642,C,IN ,5,78,4,42410901
1773510325.926895,S,OUT,6,78,5,410901c0f4
1773510325.927273,C,IN ,5,78,4,42410901
1773510325.927580,S,OUT,6,78,5,410901c0f4
1773510325.927971,C,IN ,5,78,4,42410901
1773510325.928226,S,OUT,6,78,5,410901c0f4
1773510325.928661,C,IN ,5,78,4,42410901
1773510325.928899,S,OUT,6,78,5,410901c0f4
1773510325.929312,C,IN ,5,78,4,42410901
1773510325.929588,S,OUT,6,78,5,410901c0f4
1773510325.929948,C,IN ,5,78,4,42410901
1773510325.930179,S,OUT,6,78,5,410901c0f4
1773510325.930565,C,IN ,5,78,4,42410901
1773510325.930808,S,OUT,6,78,5,410901c0f4
1773510325.931164,C,IN ,5,78,4,42410901
1773510325.931382,S,OUT,6,78,5,410901c0f4
1773510325.931783,C,IN ,5,78,4,42410901
1773510325.932006,S,OUT,6,78,5,410901c0f4
1773510325.932350,C,IN ,5,78,4,42410901
1773510325.932574,S,OUT,6,78,5,410901c0f4
1773510325.932964,C,IN ,5,78,4,42410901
1773510325.933211,S,OUT,6,78,5,410901c0f4
1773510325.933615,C,IN ,5,78,4,42410901
1773510325.933875,S,OUT,6,78,5,410901c0f4
1773510325.934267,C,IN ,5,78,4,42410901
1773510325.934472,S,OUT,6,78,5,410901c0f4
1773510325.934944,C,IN ,5,78,4,42410901
1773510325.935199,S,OUT,6,78,5,410901c0f4
1773510325.935517,C,IN ,5,78,4,42410901
1773510325.935744,S,OUT,6,78,5,410901c0f4
1773510325.936104,C,IN ,5,78,4,42410901
1773510325.936336,S,OUT,6,78,5,410901c0f4
1773510325.936724,C,IN ,5,78,4,42410901
1773510325.936964,S,OUT,6,78,5,410901c0f4
1773510325.937328,C,IN ,5,78,4,42410901
1773510325.937560,S,OUT,6,78,5,410901c0f4
1773510325.938513,C,IN ,5,78,4,42410901
1773510325.938766,S,OUT,6,78,5,410901c0f4
1773510325.939275,C,IN ,5,78,4,42410901
1773510325.939581,S,OUT,6,78,5,410901c0f4
1773510325.939960,C,IN ,5,78,4,42410901
1773510325.940187,S,OUT,6,78,5,410901c0f4
1773510325.940548,C,IN ,5,78,4,42410901
1773510325.940773,S,OUT,6,78,5,410901c0f4
1773510325.941160,C,IN ,5,78,4,42410901
1773510325.941419,S,OUT,6,78,5,410901c0f4
1773510325.941851,C,IN ,5,78,4,42410901
1773510325.942147,S,OUT,6,78,5,410901c0f4
1773510325.942956,C,IN ,5,78,4,42410901
1773510325.943368,S,OUT,6,78,5,410901c0f4
1773510325.943868,C,IN ,5,78,4,42410901
1773510325.944115,S,OUT,6,78,5,410901c0f4
1773510325.944518,C,IN ,5,78,4,42410901
1773510325.944737,S,OUT,6,78,5,410901c0f4
1773510325.945118,C,IN ,5,78,4,42410901
1773510325.945337,S,OUT,6,78,5,410901c0f4
1773510325.945732,C,IN ,5,78,4,42410901
1773510325.945968,S,OUT,6,78,5,410901c0f4
1773510325.946324,C,IN ,5,78,4,42410901
1773510325.946614,S,OUT,6,78,5,410901c0f4
1773510325.946962,C,IN ,5,78,4,42410901
1773510325.947156,S,OUT,6,78,5,410901c0f4
1773510325.947513,C,IN ,5,78,4,42410901
1773510325.947784,S,OUT,6,78,5,410901c0f4
1773510325.948175,C,IN ,5,78,4,42410901
1773510325.948442,S,OUT,6,78,5,410901c0f4
1773510325.948844,C,IN ,5,78,4,42410901
1773510325.949144,S,OUT,6,78,5,410901c0f4
1773510325.949516,C,IN ,5,78,4,42410901
1773510325.949759,S,OUT,6,78,5,410901c0f4
1773510325.950118,C,IN ,5,78,4,42410901
1773510325.950347,S,OUT,6,78,5,410901c0f4
1773510325.950749,C,IN ,5,78,4,42410901
1773510325.950969,S,OUT,6,78,5,410901c0f4
1773510325.951339,C,IN ,5,78,4,42410901
1773510325.951550,S,OUT,6,78,5,410901c0f4
1773510325.951971,C,IN ,5,78,4,42410901
1773510325.952187,S,OUT,6,78,5,410901c0f4
1773510325.952545,C,IN ,5,78,4,42410901
1773510325.952761,S,OUT,6,78,5,410901c0f4
1773510325.953119,C,IN ,5,78,4,42410901
1773510325.953356,S,OUT,6,78,5,410901c0f4
1773510325.953797,C,IN ,5,78,4,42410901
1773510325.954037,S,OUT,6,78,5,410901c0f4
1773510325.954386,C,IN ,5,78,4,42410901
1773510325.954599,S,OUT,6,78,5,410901c0f4
1773510325.955002,C,IN ,5,78,4,42410901
1773510325.955256,S,OUT,6,78,5,410901c0f4
1773510325.955651,C,IN ,5,78,4,42410901
1773510325.955973,S,OUT,6,78,5,410901c0f4
1773510325.956403,C,IN ,5,78,4,42410901
1773510325.956678,S,OUT,6,78,5,410901c0f4
1773510325.957053,C,IN ,5,78,4,42410901
1773510325.957332,S,OUT,6,78,5,410901c0f4
1773510325.957738,C,IN ,5,78,4,42410901
1773510325.957983,S,OUT,6,78,5,410901c0f4
1773510325.958345,C,IN ,5,78,4,42410901
1773510325.958583,S,OUT,6,78,5,410901c0f4
1773510325.959048,C,IN ,5,78,4,42410901
1773510325.959329,S,OUT,6,78,5,410901c0f4
1773510325.959771,C,IN ,5,78,4,42410901
1773510325.960030,S,OUT,6,78,5,410901c0f4
1773510325.960432,C,IN ,5,78,4,42410901
1773510325.960692,S,OUT,6,78,5,410901c0f4
1773510325.961096,C,IN ,5,78,4,42410901
1773510325.961380,S,OUT,6,78,5,410901c0f4
1773510325.961814,C,IN ,5,78,4,42410901
1773510325.962103,S,OUT,6,78,5,410901c0f4
1773510325.962516,C,IN ,5,78,4,42410901
1773510325.962799,S,OUT,6,78,5,410901c0f4
1773510325.963137,C,IN ,5,78,4,42410901
1773510325.963385,S,OUT,6,78,5,410901c0f4
1773510325.963783,C,IN ,5,78,4,42410901
1773510325.964010,S,OUT,6,78,5,410901c0f4
1773510325.964350,C,IN ,5,78,4,42410901
1773510325.964592,S,OUT,6,78,5,410901c0f4
1773510325.964993,C,IN ,5,78,4,42410901
1773510325.965287,S,OUT,6,78,5,410901c0f4
1773510325.965649,C,IN ,5,78,4,42410901
1773510325.965897,S,OUT,6,78,5,410901c0f4
1773510325.966277,C,IN ,5,78,4,42410901
1773510325.966562,S,OUT,6,78,5,410901c0f4
1773510325.966955,C,IN ,5,78,4,42410901
1773510325.967238,S,OUT,6,78,5,410901c0f4
1773510325.967674,C,IN ,5,78,4,42410901
1773510325.967946,S,OUT,6,78,5,410901c0f4
1773510325.968337,C,IN ,5,78,4,42410901
1773510325.968604,S,OUT,6,78,5,410901c0f4
1773510325.969352,C,IN ,5,78,4,42410901
1773510325.969612,S,OUT,6,78,5,410901c0f4
1773510325.970180,C,IN ,5,78,4,42410901
1773510325.970474,S,OUT,6,78,5,410901c0f4
1773510325.970874,C,IN ,5,78,4,42410901
1773510325.971143,S,OUT,6,78,5,410901c0f4
1773510325.971541,C,IN ,5,78,4,42410901
1773510325.971779,S,OUT,6,78,5,410901c0f4
1773510325.972117,C,IN ,5,78,4,42410901
1773510325.972374,S,OUT,6,78,5,410901c0f4
1773510325.972825,C,IN ,5,78,4,42410901
1773510325.973079,S,OUT,6,78,5,410901c0f4
1773510325.973691,C,IN ,5,78,4,42410901
1773510325.973974,S,OUT,6,78,5,410901c0f4
1773510325.975014,C,IN ,5,78,4,42410901
1773510325.975301,S,OUT,6,78,5,410901c0f4
1773510325.975718,C,IN ,5,78,4,42410900
1773510325.975956,S,OUT,6,78,5,430901c0f2
1773510325.977006,C,IN ,5,78,55,440933c0ff060300630000000000ff061e0001aa00000000011219000562f0809664992380000d96655474800203ffff0001fffffffffd
1773510325.977259,S,OUT,6,78,3,064409
1773510335.501648,S,OUT,6,78,25,400915c000fe0000aa00000000000000000000000000000039
1773510335.502659,C,IN ,5,78,3,064009
1773510335.503052,S,OUT,6,78,5,410901c0f4
1773510335.503484,C,IN ,5,78,4,42410900
1773510335.503944,S,OUT,6,78,5,430901c0f2
1773510335.504676,C,IN ,5,78,27,440917c000fe0000aa000000000000fe020001aa00000000010087
1773510335.505126,S,OUT,6,78,3,064409
1773510336.983003,S,OUT,6,78,25,400915c000fe0000aa00000000000000000000000000000039
1773510336.983971,C,IN ,5,78,3,064009
1773510336.984336,S,OUT,6,78,5,410901c0f4
1773510336.984676,C,IN ,5,78,4,42410900
1773510336.984959,S,OUT,6,78,5,430901c0f2
1773510336.985617,C,IN ,5,78,27,440917c000fe0000aa000000000000fe020001aa00000000010087
1773510336.985874,S,OUT,6,78,3,064409
1773510337.061293,S,OUT,6,78,28,400918c0ff0603000100000000000000000000000000000022da26b3
1773510337.062967,C,IN ,5,78,3,064009
1773510337.063298,S,OUT,6,78,5,410901c0f4
1773510337.066469,C,IN ,5,78,4,42410901
1773510337.066884,S,OUT,6,78,5,410901c0f4
1773510337.067471,C,IN ,5,78,4,42410901
1773510337.067800,S,OUT,6,78,5,410901c0f4
1773510337.068223,C,IN ,5,78,4,42410901
1773510337.068532,S,OUT,6,78,5,410901c0f4
1773510337.068937,C,IN ,5,78,4,42410901
1773510337.069269,S,OUT,6,78,5,410901c0f4
1773510337.069639,C,IN ,5,78,4,42410901
1773510337.069928,S,OUT,6,78,5,410901c0f4
1773510337.070335,C,IN ,5,78,4,42410901
1773510337.070577,S,OUT,6,78,5,410901c0f4
1773510337.070958,C,IN ,5,78,4,42410901
1773510337.071251,S,OUT,6,78,5,410901c0f4
1773510337.071585,C,IN ,5,78,4,42410901
1773510337.071831,S,OUT,6,78,5,410901c0f4
1773510337.072232,C,IN ,5,78,4,42410901
1773510337.072491,S,OUT,6,78,5,410901c0f4
1773510337.072933,C,IN ,5,78,4,42410901
1773510337.073181,S,OUT,6,78,5,410901c0f4
1773510337.073510,C,IN ,5,78,4,42410901
1773510337.073773,S,OUT,6,78,5,410901c0f4
1773510337.074210,C,IN ,5,78,4,42410901
1773510337.074441,S,OUT,6,78,5,410901c0f4
1773510337.074770,C,IN ,5,78,4,42410901
1773510337.075012,S,OUT,6,78,5,410901c0f4
1773510337.075426,C,IN ,5,78,4,42410901
1773510337.075657,S,OUT,6,78,5,410901c0f4
1773510337.075997,C,IN ,5,78,4,42410901
1773510337.076222,S,OUT,6,78,5,410901c0f4
1773510337.076551,C,IN ,5,78,4,42410901
1773510337.076773,S,OUT,6,78,5,410901c0f4
1773510337.077131,C,IN ,5,78,4,42410901
1773510337.077367,S,OUT,6,78,5,410901c0f4
1773510337.077701,C,IN ,5,78,4,42410901
1773510337.077925,S,OUT,6,78,5,410901c0f4
1773510337.078347,C,IN ,5,78,4,42410901
1773510337.078606,S,OUT,6,78,5,410901c0f4
1773510337.078984,C,IN ,5,78,4,42410901
1773510337.079198,S,OUT,6,78,5,410901c0f4
1773510337.079568,C,IN ,5,78,4,42410901
1773510337.079788,S,OUT,6,78,5,410901c0f4
1773510337.080133,C,IN ,5,78,4,42410901
1773510337.080350,S,OUT,6,78,5,410901c0f4
1773510337.080700,C,IN ,5,78,4,42410901
1773510337.080924,S,OUT,6,78,5,410901c0f4
1773510337.081335,C,IN ,5,78,4,42410901
1773510337.081554,S,OUT,6,78,5,410901c0f4
1773510337.081934,C,IN ,5,78,4,42410901
1773510337.082203,S,OUT,6,78,5,410901c0f4
1773510337.082565,C,IN ,5,78,4,42410901
1773510337.082811,S,OUT,6,78,5,410901c0f4
1773510337.083253,C,IN ,5,78,4,42410901
1773510337.083517,S,OUT,6,78,5,410901c0f4
1773510337.083935,C,IN ,5,78,4,42410901
1773510337.084195,S,OUT,6,78,5,410901c0f4
1773510337.084533,C,IN ,5,78,4,42410901
1773510337.084744,S,OUT,6,78,5,410901c0f4
1773510337.085106,C,IN ,5,78,4,42410901
1773510337.085324,S,OUT,6,78,5,410901c0f4
1773510337.085710,C,IN ,5,78,4,42410901
1773510337.085928,S,OUT,6,78,5,410901c0f4
1773510337.086380,C,IN ,5,78,4,42410901
1773510337.086604,S,OUT,6,78,5,410901c0f4
1773510337.086934,C,IN ,5,78,4,42410901
1773510337.087171,S,OUT,6,78,5,410901c0f4
1773510337.087516,C,IN ,5,78,4,42410901
1773510337.087730,S,OUT,6,78,5,410901c0f4
1773510337.088096,C,IN ,5,78,4,42410901
1773510337.088314,S,OUT,6,78,5,410901c0f4
1773510337.088671,C,IN ,5,78,4,42410901
1773510337.088904,S,OUT,6,78,5,410901c0f4
1773510337.089301,C,IN ,5,78,4,42410901
1773510337.089524,S,OUT,6,78,5,410901c0f4
1773510337.089859,C,IN ,5,78,4,42410901
1773510337.090058,S,OUT,6,78,5,410901c0f4
1773510337.090518,C,IN ,5,78,4,42410901
1773510337.090721,S,OUT,6,78,5,410901c0f4
1773510337.091079,C,IN ,5,78,4,42410901
1773510337.091279,S,OUT,6,78,5,410901c0f4
1773510337.091647,C,IN ,5,78,4,42410901
1773510337.091860,S,OUT,6,78,5,410901c0f4
1773510337.092288,C,IN ,5,78,4,42410901
1773510337.092498,S,OUT,6,78,5,410901c0f4
1773510337.092960,C,IN ,5,78,4,42410901
1773510337.093176,S,OUT,6,78,5,410901c0f4
1773510337.093968,C,IN ,5,78,4,42410901
1773510337.094256,S,OUT,6,78,5,410901c0f4
1773510337.094691,C,IN ,5,78,4,42410900
1773510337.094940,S,OUT,6,78,5,430901c0f2
1773510337.095753,C,IN ,5,78,34,44091ec0ff060300010000000000ff06090001aa00000000011204000562da26692b
1773510337.096056,S,OUT,6,78,3,064409
1773510337.932793,S,OUT,6,78,25,400915c000fe0000aa00000000000000000000000000000039
1773510337.933809,C,IN ,5,78,3,064009
1773510337.934135,S,OUT,6,78,5,410901c0f4
1773510337.934557,C,IN ,5,78,4,42410900
1773510337.934879,S,OUT,6,78,5,430901c0f2
1773510337.935649,C,IN ,5,78,27,440917c000fe0000aa000000000000fe020001aa00000000010087
1773510337.935999,S,OUT,6,78,3,064409
1773510337.960653,S,OUT,6,78,28,400918c0ff0603000100000000000000000000000000000022da25b4
1773510337.962285,C,IN ,5,78,3,064009
1773510337.962618,S,OUT,6,78,5,410901c0f4
1773510337.965903,C,IN ,5,78,4,42410901
1773510337.966249,S,OUT,6,78,5,410901c0f4
1773510337.966779,C,IN ,5,78,4,42410901
1773510337.967058,S,OUT,6,78,5,410901c0f4
1773510337.967432,C,IN ,5,78,4,42410901
1773510337.967716,S,OUT,6,78,5,410901c0f4
1773510337.968053,C,IN ,5,78,4,42410901
1773510337.968313,S,OUT,6,78,5,410901c0f4
1773510337.968761,C,IN ,5,78,4,42410901
1773510337.969033,S,OUT,6,78,5,410901c0f4
1773510337.969412,C,IN ,5,78,4,42410901
1773510337.969687,S,OUT,6,78,5,410901c0f4
1773510337.970069,C,IN ,5,78,4,42410901
1773510337.970324,S,OUT,6,78,5,410901c0f4
1773510337.970725,C,IN ,5,78,4,42410901
1773510337.970969,S,OUT,6,78,5,410901c0f4
1773510337.971412,C,IN ,5,78,4,42410901
1773510337.971689,S,OUT,6,78,5,410901c0f4
1773510337.972080,C,IN ,5,78,4,42410901
1773510337.972356,S,OUT,6,78,5,410901c0f4
1773510337.972756,C,IN ,5,78,4,42410901
1773510337.973016,S,OUT,6,78,5,410901c0f4
1773510337.973402,C,IN ,5,78,4,42410901
1773510337.973637,S,OUT,6,78,5,410901c0f4
1773510337.973970,C,IN ,5,78,4,42410901
1773510337.974198,S,OUT,6,78,5,410901c0f4
1773510337.974599,C,IN ,5,78,4,42410901
1773510337.974832,S,OUT,6,78,5,410901c0f4
1773510337.975177,C,IN ,5,78,4,42410901
1773510337.975404,S,OUT,6,78,5,410901c0f4
1773510337.975811,C,IN ,5,78,4,42410901
1773510337.976031,S,OUT,6,78,5,410901c0f4
1773510337.976376,C,IN ,5,78,4,42410901
1773510337.976662,S,OUT,6,78,5,410901c0f4
1773510337.977020,C,IN ,5,78,4,42410901
1773510337.977256,S,OUT,6,78,5,410901c0f4
1773510337.977650,C,IN ,5,78,4,42410901
1773510337.977882,S,OUT,6,78,5,410901c0f4
1773510337.978224,C,IN ,5,78,4,42410901
1773510337.978492,S,OUT,6,78,5,410901c0f4
1773510337.978892,C,IN ,5,78,4,42410901
1773510337.979106,S,OUT,6,78,5,410901c0f4
1773510337.979503,C,IN ,5,78,4,42410901
1773510337.979724,S,OUT,6,78,5,410901c0f4
1773510337.980073,C,IN ,5,78,4,42410901
1773510337.980329,S,OUT,6,78,5,410901c0f4
1773510337.980767,C,IN ,5,78,4,42410901
1773510337.981038,S,OUT,6,78,5,410901c0f4
1773510337.981415,C,IN ,5,78,4,42410901
1773510337.981665,S,OUT,6,78,5,410901c0f4
1773510337.981988,C,IN ,5,78,4,42410901
1773510337.982234,S,OUT,6,78,5,410901c0f4
1773510337.982624,C,IN ,5,78,4,42410901
1773510337.982854,S,OUT,6,78,5,410901c0f4
1773510337.983218,C,IN ,5,78,4,42410901
1773510337.983462,S,OUT,6,78,5,410901c0f4
1773510337.983971,C,IN ,5,78,4,42410901
1773510337.984209,S,OUT,6,78,5,410901c0f4
1773510337.984550,C,IN ,5,78,4,42410901
1773510337.984791,S,OUT,6,78,5,410901c0f4
1773510337.985155,C,IN ,5,78,4,42410901
1773510337.985394,S,OUT,6,78,5,410901c0f4
1773510337.985808,C,IN ,5,78,4,42410901
1773510337.986047,S,OUT,6,78,5,410901c0f4
1773510337.986391,C,IN ,5,78,4,42410901
1773510337.986626,S,OUT,6,78,5,410901c0f4
1773510337.987067,C,IN ,5,78,4,42410901
1773510337.987315,S,OUT,6,78,5,410901c0f4
1773510337.987727,C,IN ,5,78,4,42410901
1773510337.988041,S,OUT,6,78,5,410901c0f4
1773510337.988451,C,IN ,5,78,4,42410901
1773510337.988723,S,OUT,6,78,5,410901c0f4
1773510337.989114,C,IN ,5,78,4,42410901
1773510337.989336,S,OUT,6,78,5,410901c0f4
1773510337.989766,C,IN ,5,78,4,42410901
1773510337.990034,S,OUT,6,78,5,410901c0f4
1773510337.990404,C,IN ,5,78,4,42410901
1773510337.990620,S,OUT,6,78,5,410901c0f4
1773510337.990967,C,IN ,5,78,4,42410901
1773510337.991184,S,OUT,6,78,5,410901c0f4
1773510337.991535,C,IN ,5,78,4,42410901
1773510337.991753,S,OUT,6,78,5,410901c0f4
1773510337.992125,C,IN ,5,78,4,42410901
1773510337.992338,S,OUT,6,78,5,410901c0f4
1773510337.992759,C,IN ,5,78,4,42410901
1773510337.992980,S,OUT,6,78,5,410901c0f4
1773510337.993423,C,IN ,5,78,4,42410901
1773510337.993644,S,OUT,6,78,5,410901c0f4
1773510337.994392,C,IN ,5,78,4,42410901
1773510337.994634,S,OUT,6,78,5,410901c0f4
1773510337.995018,C,IN ,5,78,4,42410900
1773510337.995233,S,OUT,6,78,5,430901c0f2
1773510337.996094,C,IN ,5,78,34,44091ec0ff060300010000000000ff06090001aa00000000011204000562da250491
1773510337.996353,S,OUT,6,78,3,064409
1773510338.681012,S,OUT,6,78,25,400915c000fe0000aa00000000000000000000000000000039
1773510338.682003,C,IN ,5,78,3,064009
1773510338.682888,S,OUT,6,78,5,410901c0f4
1773510338.683492,C,IN ,5,78,4,42410900
1773510338.683983,S,OUT,6,78,5,430901c0f2
1773510338.684685,C,IN ,5,78,27,440917c000fe0000aa000000000000fe020001aa00000000010087
1773510338.685168,S,OUT,6,78,3,064409
1773510338.720087,S,OUT,6,78,28,400918c0ff0603000100000000000000000000000000000022d8716a
1773510338.721897,C,IN ,5,78,3,064009
1773510338.722749,S,OUT,6,78,5,410901c0f4
1773510338.725026,C,IN ,5,78,4,42410901
1773510338.725671,S,OUT,6,78,5,410901c0f4
1773510338.726371,C,IN ,5,78,4,42410901
1773510338.726947,S,OUT,6,78,5,410901c0f4
1773510338.727707,C,IN ,5,78,4,42410901
1773510338.728168,S,OUT,6,78,5,410901c0f4
1773510338.728624,C,IN ,5,78,4,42410901
1773510338.728973,S,OUT,6,78,5,410901c0f4
1773510338.729403,C,IN ,5,78,4,42410901
1773510338.729754,S,OUT,6,78,5,410901c0f4
1773510338.730183,C,IN ,5,78,4,42410901
1773510338.730700,S,OUT,6,78,5,410901c0f4
1773510338.731300,C,IN ,5,78,4,42410901
1773510338.731906,S,OUT,6,78,5,410901c0f4
1773510338.732596,C,IN ,5,78,4,42410901
1773510338.733249,S,OUT,6,78,5,410901c0f4
1773510338.733709,C,IN ,5,78,4,42410901
1773510338.734039,S,OUT,6,78,5,410901c0f4
1773510338.734710,C,IN ,5,78,4,42410901
1773510338.735151,S,OUT,6,78,5,410901c0f4
1773510338.735664,C,IN ,5,78,4,42410901
1773510338.736868,S,OUT,6,78,5,410901c0f4
1773510338.737324,C,IN ,5,78,4,42410901
1773510338.737670,S,OUT,6,78,5,410901c0f4
1773510338.738115,C,IN ,5,78,4,42410901
1773510338.738488,S,OUT,6,78,5,410901c0f4
1773510338.738998,C,IN ,5,78,4,42410901
1773510338.739418,S,OUT,6,78,5,410901c0f4
1773510338.739999,C,IN ,5,78,4,42410901
1773510338.740340,S,OUT,6,78,5,410901c0f4
1773510338.740813,C,IN ,5,78,4,42410901
1773510338.741522,S,OUT,6,78,5,410901c0f4
1773510338.742020,C,IN ,5,78,4,42410901
1773510338.742449,S,OUT,6,78,5,410901c0f4
1773510338.742917,C,IN ,5,78,4,42410901
1773510338.743302,S,OUT,6,78,5,410901c0f4
1773510338.743816,C,IN ,5,78,4,42410901
1773510338.744211,S,OUT,6,78,5,410901c0f4
1773510338.744708,C,IN ,5,78,4,42410901
1773510338.745260,S,OUT,6,78,5,410901c0f4
1773510338.746008,C,IN ,5,78,4,42410901
1773510338.746841,S,OUT,6,78,5,410901c0f4
1773510338.747723,C,IN ,5,78,4,42410901
1773510338.748098,S,OUT,6,78,5,410901c0f4
1773510338.748545,C,IN ,5,78,4,42410901
1773510338.748861,S,OUT,6,78,5,410901c0f4
1773510338.749258,C,IN ,5,78,4,42410901
1773510338.749559,S,OUT,6,78,5,410901c0f4
1773510338.750002,C,IN ,5,78,4,42410901
1773510338.750460,S,OUT,6,78,5,410901c0f4
1773510338.750929,C,IN ,5,78,4,42410901
1773510338.751352,S,OUT,6,78,5,410901c0f4
1773510338.752611,C,IN ,5,78,4,42410901
1773510338.753047,S,OUT,6,78,5,410901c0f4
1773510338.754331,C,IN ,5,78,4,42410901
1773510338.754952,S,OUT,6,78,5,410901c0f4
1773510338.755836,C,IN ,5,78,4,42410900
1773510338.756653,S,OUT,6,78,5,430901c0f2
1773510338.757451,C,IN ,5,78,34,44091ec0ff060300010000000000ff06090001aa00000000011204000562d871004b
1773510338.757797,S,OUT,6,78,3,064409
1773510339.376425,S,OUT,6,78,25,400915c000fe0000aa00000000000000000000000000000039
1773510339.377347,C,IN ,5,78,3,064009
1773510339.377664,S,OUT,6,78,5,410901c0f4
1773510339.378167,C,IN ,5,78,4,42410900
1773510339.378556,S,OUT,6,78,5,430901c0f2
1773510339.379218,C,IN ,5,78,27,440917c000fe0000aa000000000000fe020001aa00000000010087
1773510339.379605,S,OUT,6,78,3,064409
1773510339.407676,S,OUT,6,78,28,400918c0ff0603000100000000000000000000000000000022d87269
1773510339.409341,C,IN ,5,78,3,064009
1773510339.409758,S,OUT,6,78,5,410901c0f4
1773510339.412525,C,IN ,5,78,4,42410901
1773510339.412965,S,OUT,6,78,5,410901c0f4
1773510339.413507,C,IN ,5,78,4,42410901
1773510339.413930,S,OUT,6,78,5,410901c0f4
1773510339.414473,C,IN ,5,78,4,42410901
1773510339.414928,S,OUT,6,78,5,410901c0f4
1773510339.415395,C,IN ,5,78,4,42410901
1773510339.415777,S,OUT,6,78,5,410901c0f4
1773510339.416254,C,IN ,5,78,4,42410901
1773510339.416622,S,OUT,6,78,5,410901c0f4
1773510339.417209,C,IN ,5,78,4,42410901
1773510339.417556,S,OUT,6,78,5,410901c0f4
1773510339.418024,C,IN ,5,78,4,42410901
1773510339.418352,S,OUT,6,78,5,410901c0f4
1773510339.418764,C,IN ,5,78,4,42410901
1773510339.419113,S,OUT,6,78,5,410901c0f4
1773510339.419528,C,IN ,5,78,4,42410901
1773510339.419854,S,OUT,6,78,5,410901c0f4
1773510339.420294,C,IN ,5,78,4,42410901
1773510339.420812,S,OUT,6,78,5,410901c0f4
1773510339.421320,C,IN ,5,78,4,42410901
1773510339.421702,S,OUT,6,78,5,410901c0f4
1773510339.422184,C,IN ,5,78,4,42410901
1773510339.422755,S,OUT,6,78,5,410901c0f4
1773510339.423425,C,IN ,5,78,4,42410901
1773510339.423778,S,OUT,6,78,5,410901c0f4
1773510339.424187,C,IN ,5,78,4,42410901
1773510339.424520,S,OUT,6,78,5,410901c0f4
1773510339.425024,C,IN ,5,78,4,42410901
1773510339.425300,S,OUT,6,78,5,410901c0f4
1773510339.425724,C,IN ,5,78,4,42410901
1773510339.426073,S,OUT,6,78,5,410901c0f4
1773510339.426500,C,IN ,5,78,4,42410901
1773510339.426845,S,OUT,6,78,5,410901c0f4
1773510339.427424,C,IN ,5,78,4,42410901
1773510339.427825,S,OUT,6,78,5,410901c0f4
1773510339.428391,C,IN ,5,78,4,42410901
1773510339.428938,S,OUT,6,78,5,410901c0f4
1773510339.429376,C,IN ,5,78,4,42410901
1773510339.429667,S,OUT,6,78,5,410901c0f4
1773510339.430028,C,IN ,5,78,4,42410901
1773510339.430368,S,OUT,6,78,5,410901c0f4
1773510339.430786,C,IN ,5,78,4,42410901
1773510339.431047,S,OUT,6,78,5,410901c0f4
1773510339.431448,C,IN ,5,78,4,42410901
1773510339.431743,S,OUT,6,78,5,410901c0f4
1773510339.432122,C,IN ,5,78,4,42410901
1773510339.432515,S,OUT,6,78,5,410901c0f4
1773510339.433022,C,IN ,5,78,4,42410901
1773510339.433366,S,OUT,6,78,5,410901c0f4
1773510339.433780,C,IN ,5,78,4,42410901
1773510339.434052,S,OUT,6,78,5,410901c0f4
1773510339.434413,C,IN ,5,78,4,42410901
1773510339.434676,S,OUT,6,78,5,410901c0f4
1773510339.435046,C,IN ,5,78,4,42410901
1773510339.435298,S,OUT,6,78,5,410901c0f4
1773510339.435651,C,IN ,5,78,4,42410901
1773510339.435909,S,OUT,6,78,5,410901c0f4
1773510339.436267,C,IN ,5,78,4,42410901
1773510339.436525,S,OUT,6,78,5,410901c0f4
1773510339.437028,C,IN ,5,78,4,42410901
1773510339.437340,S,OUT,6,78,5,410901c0f4
1773510339.438715,C,IN ,5,78,4,42410901
1773510339.439150,S,OUT,6,78,5,410901c0f4
1773510339.439615,C,IN ,5,78,4,42410901
1773510339.439950,S,OUT,6,78,5,410901c0f4
1773510339.440381,C,IN ,5,78,4,42410901
1773510339.440656,S,OUT,6,78,5,410901c0f4
1773510339.441104,C,IN ,5,78,4,42410901
1773510339.441372,S,OUT,6,78,5,410901c0f4
1773510339.441818,C,IN ,5,78,4,42410901
1773510339.442100,S,OUT,6,78,5,410901c0f4
1773510339.442551,C,IN ,5,78,4,42410901
1773510339.442822,S,OUT,6,78,5,410901c0f4
1773510339.443251,C,IN ,5,78,4,42410901
1773510339.443517,S,OUT,6,78,5,410901c0f4
1773510339.444072,C,IN ,5,78,4,42410900
1773510339.444329,S,OUT,6,78,5,430901c0f2
1773510339.445121,C,IN ,5,78,34,44091ec0ff060300010000000000ff06090001aa00000000011204000562d872004a
1773510339.445425,S,OUT,6,78,3,064409
1773510350.773852,S,OUT,6,78,25,400915c000fe0000aa00000000000000000000000000000039
1773510350.774844,C,IN ,5,78,3,064009
1773510350.775257,S,OUT,6,78,5,410901c0f4
1773510350.775650,C,IN ,5,78,4,42410900
1773510350.775960,S,OUT,6,78,5,430901c0f2
1773510350.776707,C,IN ,5,78,27,440917c000fe0000aa000000000000fe020001aa00000000010087
1773510350.777010,S,OUT,6,78,3,064409
1773510350.810665,S,OUT,6,78,28,400918c0ff060300010000000000000000000000000000002222068b
1773510350.812367,C,IN ,5,78,3,064009
1773510350.812787,S,OUT,6,78,5,410901c0f4
1773510350.815940,C,IN ,5,78,4,42410901
1773510350.816399,S,OUT,6,78,5,410901c0f4
1773510350.817011,C,IN ,5,78,4,42410901
1773510350.817498,S,OUT,6,78,5,410901c0f4
1773510350.818129,C,IN ,5,78,4,42410901
1773510350.818600,S,OUT,6,78,5,410901c0f4
1773510350.819245,C,IN ,5,78,4,42410901
1773510350.819742,S,OUT,6,78,5,410901c0f4
1773510350.820331,C,IN ,5,78,4,42410901
1773510350.820799,S,OUT,6,78,5,410901c0f4
1773510350.821290,C,IN ,5,78,4,42410901
1773510350.821706,S,OUT,6,78,5,410901c0f4
1773510350.822181,C,IN ,5,78,4,42410901
1773510350.822586,S,OUT,6,78,5,410901c0f4
1773510350.823036,C,IN ,5,78,4,42410901
1773510350.823393,S,OUT,6,78,5,410901c0f4
1773510350.823856,C,IN ,5,78,4,42410901
1773510350.824213,S,OUT,6,78,5,410901c0f4
1773510350.824689,C,IN ,5,78,4,42410901
1773510350.825116,S,OUT,6,78,5,410901c0f4
1773510350.825623,C,IN ,5,78,4,42410901
1773510350.826012,S,OUT,6,78,5,410901c0f4
1773510350.826736,C,IN ,5,78,4,42410901
1773510350.828250,S,OUT,6,78,5,410901c0f4
1773510350.828959,C,IN ,5,78,4,42410901
1773510350.829601,S,OUT,6,78,5,410901c0f4
1773510350.832162,C,IN ,5,78,4,42410901
1773510350.832799,S,OUT,6,78,5,410901c0f4
1773510350.833445,C,IN ,5,78,4,42410901
1773510350.833971,S,OUT,6,78,5,410901c0f4
1773510350.834556,C,IN ,5,78,4,42410901
1773510350.835107,S,OUT,6,78,5,410901c0f4
1773510350.835797,C,IN ,5,78,4,42410901
1773510350.836352,S,OUT,6,78,5,410901c0f4
1773510350.836933,C,IN ,5,78,4,42410901
1773510350.837486,S,OUT,6,78,5,410901c0f4
1773510350.838097,C,IN ,5,78,4,42410901
1773510350.838665,S,OUT,6,78,5,410901c0f4
1773510350.839272,C,IN ,5,78,4,42410901
1773510350.839818,S,OUT,6,78,5,410901c0f4
1773510350.842459,C,IN ,5,78,4,42410901
1773510350.842933,S,OUT,6,78,5,410901c0f4
1773510350.843607,C,IN ,5,78,4,42410901
1773510350.844190,S,OUT,6,78,5,410901c0f4
1773510350.845320,C,IN ,5,78,4,42410900
1773510350.845883,S,OUT,6,78,5,430901c0f2
1773510350.846726,C,IN ,5,78,34,44091ec0ff060300010000000000ff06090001aa000000000112040005622206026a
1773510350.848071,S,OUT,6,78,3,064409
1773510352.089981,S,OUT,6,78,25,400915c000fe0000aa00000000000000000000000000000039
1773510352.090940,C,IN ,5,78,3,064009
1773510352.091281,S,OUT,6,78,5,410901c0f4
1773510352.092761,C,IN ,5,78,4,42410900
1773510352.093127,S,OUT,6,78,5,430901c0f2
1773510352.093867,C,IN ,5,78,27,440917c000fe0000aa000000000000fe020001aa00000000010087
1773510352.094347,S,OUT,6,78,3,064409
1773510352.456038,S,OUT,6,78,25,400915c000fe0000aa00000000000000000000000000000039
1773510352.457019,C,IN ,5,78,3,064009
1773510352.457407,S,OUT,6,78,5,410901c0f4
1773510352.457817,C,IN ,5,78,4,42410900
1773510352.458067,S,OUT,6,78,5,430901c0f2
1773510352.458859,C,IN ,5,78,27,440917c000fe0000aa000000000000fe020001aa00000000010087
1773510352.459193,S,OUT,6,78,3,064409
1773510352.488482,S,OUT,6,78,28,400918c0ff0603000100000000000000000000000000000022239df3
1773510352.490194,C,IN ,5,78,3,064009
1773510352.490602,S,OUT,6,78,5,410901c0f4
1773510352.493416,C,IN ,5,78,4,42410901
1773510352.493859,S,OUT,6,78,5,410901c0f4
1773510352.494323,C,IN ,5,78,4,42410901
1773510352.494665,S,OUT,6,78,5,410901c0f4
1773510352.495187,C,IN ,5,78,4,42410901
1773510352.495673,S,OUT,6,78,5,410901c0f4
1773510352.496100,C,IN ,5,78,4,42410901
1773510352.496380,S,OUT,6,78,5,410901c0f4
1773510352.496810,C,IN ,5,78,4,42410901
1773510352.497060,S,OUT,6,78,5,410901c0f4
1773510352.497499,C,IN ,5,78,4,42410901
1773510352.497804,S,OUT,6,78,5,410901c0f4
1773510352.498244,C,IN ,5,78,4,42410901
1773510352.498598,S,OUT,6,78,5,410901c0f4
1773510352.499047,C,IN ,5,78,4,42410901
1773510352.499371,S,OUT,6,78,5,410901c0f4
1773510352.499797,C,IN ,5,78,4,42410901
1773510352.500111,S,OUT,6,78,5,410901c0f4
1773510352.500502,C,IN ,5,78,4,42410901
1773510352.500787,S,OUT,6,78,5,410901c0f4
1773510352.501156,C,IN ,5,78,4,42410901
1773510352.501398,S,OUT,6,78,5,410901c0f4
1773510352.501814,C,IN ,5,78,4,42410901
1773510352.502055,S,OUT,6,78,5,410901c0f4
1773510352.502506,C,IN ,5,78,4,42410901
1773510352.502840,S,OUT,6,78,5,410901c0f4
1773510352.503301,C,IN ,5,78,4,42410901
1773510352.503589,S,OUT,6,78,5,410901c0f4
1773510352.503987,C,IN ,5,78,4,42410901
1773510352.504278,S,OUT,6,78,5,410901c0f4
1773510352.504630,C,IN ,5,78,4,42410901
1773510352.504906,S,OUT,6,78,5,410901c0f4
1773510352.505306,C,IN ,5,78,4,42410901
1773510352.505578,S,OUT,6,78,5,410901c0f4
1773510352.506043,C,IN ,5,78,4,42410901
1773510352.506323,S,OUT,6,78,5,410901c0f4
1773510352.506718,C,IN ,5,78,4,42410901
1773510352.507007,S,OUT,6,78,5,410901c0f4
1773510352.507416,C,IN ,5,78,4,42410901
1773510352.507707,S,OUT,6,78,5,410901c0f4
1773510352.508072,C,IN ,5,78,4,42410901
1773510352.508363,S,OUT,6,78,5,410901c0f4
1773510352.508716,C,IN ,5,78,4,42410901
1773510352.508990,S,OUT,6,78,5,410901c0f4
1773510352.509343,C,IN ,5,78,4,42410901
1773510352.509607,S,OUT,6,78,5,410901c0f4
1773510352.510042,C,IN ,5,78,4,42410901
1773510352.510304,S,OUT,6,78,5,410901c0f4
1773510352.510676,C,IN ,5,78,4,42410901
1773510352.510969,S,OUT,6,78,5,410901c0f4
1773510352.511627,C,IN ,5,78,4,42410901
1773510352.511892,S,OUT,6,78,5,410901c0f4
1773510352.512299,C,IN ,5,78,4,42410901
1773510352.512575,S,OUT,6,78,5,410901c0f4
1773510352.512980,C,IN ,5,78,4,42410901
1773510352.513277,S,OUT,6,78,5,410901c0f4
1773510352.513691,C,IN ,5,78,4,42410901
1773510352.513976,S,OUT,6,78,5,410901c0f4
1773510352.514337,C,IN ,5,78,4,42410901
1773510352.514648,S,OUT,6,78,5,410901c0f4
1773510352.515103,C,IN ,5,78,4,42410901
1773510352.515388,S,OUT,6,78,5,410901c0f4
1773510352.515729,C,IN ,5,78,4,42410901
1773510352.515996,S,OUT,6,78,5,410901c0f4
1773510352.516388,C,IN ,5,78,4,42410901
1773510352.516639,S,OUT,6,78,5,410901c0f4
1773510352.517106,C,IN ,5,78,4,42410901
1773510352.517406,S,OUT,6,78,5,410901c0f4
1773510352.517797,C,IN ,5,78,4,42410901
1773510352.518041,S,OUT,6,78,5,410901c0f4
1773510352.518503,C,IN ,5,78,4,42410901
1773510352.518810,S,OUT,6,78,5,410901c0f4
1773510352.519231,C,IN ,5,78,4,42410901
1773510352.519585,S,OUT,6,78,5,410901c0f4
1773510352.520002,C,IN ,5,78,4,42410901
1773510352.520339,S,OUT,6,78,5,410901c0f4
1773510352.520708,C,IN ,5,78,4,42410901
1773510352.521019,S,OUT,6,78,5,410901c0f4
1773510352.521405,C,IN ,5,78,4,42410901
1773510352.521730,S,OUT,6,78,5,410901c0f4
1773510352.522159,C,IN ,5,78,4,42410901
1773510352.522434,S,OUT,6,78,5,410901c0f4
1773510352.522901,C,IN ,5,78,4,42410901
1773510352.523146,S,OUT,6,78,5,410901c0f4
1773510352.523543,C,IN ,5,78,4,42410901
1773510352.523871,S,OUT,6,78,5,410901c0f4
1773510352.524344,C,IN ,5,78,4,42410901
1773510352.524604,S,OUT,6,78,5,410901c0f4
1773510352.525192,C,IN ,5,78,4,42410900
1773510352.525451,S,OUT,6,78,5,430901c0f2
1773510352.526298,C,IN ,5,78,34,44091ec0ff060300010000000000ff06090001aa00000000011204000562239d00d4
1773510352.526751,S,OUT,6,78,3,064409
1773510353.051948,S,OUT,6,78,25,400915c000fe0000aa00000000000000000000000000000039
1773510353.052948,C,IN ,5,78,3,064009
1773510353.053301,S,OUT,6,78,5,410901c0f4
1773510353.053728,C,IN ,5,78,4,42410900
1773510353.054108,S,OUT,6,78,5,430901c0f2
1773510353.054803,C,IN ,5,78,27,440917c000fe0000aa000000000000fe020001aa00000000010087
1773510353.055224,S,OUT,6,78,3,064409
1773510353.213201,S,OUT,6,78,25,400915c000fe0000aa00000000000000000000000000000039
1773510353.214136,C,IN ,5,78,3,064009
1773510353.214504,S,OUT,6,78,5,410901c0f4
1773510353.214882,C,IN ,5,78,4,42410900
1773510353.215189,S,OUT,6,78,5,430901c0f2
1773510353.215875,C,IN ,5,78,27,440917c000fe0000aa000000000000fe020001aa00000000010087
1773510353.216302,S,OUT,6,78,3,064409
1773510353.577093,S,OUT,6,78,25,400915c000fe0000aa00000000000000000000000000000039
1773510353.578086,C,IN ,5,78,3,064009
1773510353.578493,S,OUT,6,78,5,410901c0f4
1773510353.578879,C,IN ,5,78,4,42410900
1773510353.579129,S,OUT,6,78,5,430901c0f2
1773510353.579754,C,IN ,5,78,27,440917c000fe0000aa000000000000fe020001aa00000000010087
1773510353.579988,S,OUT,6,78,3,064409
1773510353.605031,S,OUT,6,78,28,400918c0ff0603000100000000000000000000000000000022230789
1773510353.606789,C,IN ,5,78,3,064009
1773510353.607181,S,OUT,6,78,5,410901c0f4
1773510353.610070,C,IN ,5,78,4,42410901
1773510353.610498,S,OUT,6,78,5,410901c0f4
1773510353.611034,C,IN ,5,78,4,42410901
1773510353.611378,S,OUT,6,78,5,410901c0f4
1773510353.611839,C,IN ,5,78,4,42410901
1773510353.612091,S,OUT,6,78,5,410901c0f4
1773510353.612540,C,IN ,5,78,4,42410901
1773510353.612794,S,OUT,6,78,5,410901c0f4
1773510353.613204,C,IN ,5,78,4,42410901
1773510353.613446,S,OUT,6,78,5,410901c0f4
1773510353.613828,C,IN ,5,78,4,42410901
1773510353.614095,S,OUT,6,78,5,410901c0f4
1773510353.614539,C,IN ,5,78,4,42410901
1773510353.614786,S,OUT,6,78,5,410901c0f4
1773510353.615171,C,IN ,5,78,4,42410901
1773510353.615520,S,OUT,6,78,5,410901c0f4
1773510353.615918,C,IN ,5,78,4,42410901
1773510353.616177,S,OUT,6,78,5,410901c0f4
1773510353.616543,C,IN ,5,78,4,42410901
1773510353.616838,S,OUT,6,78,5,410901c0f4
1773510353.617285,C,IN ,5,78,4,42410901
1773510353.617541,S,OUT,6,78,5,410901c0f4
1773510353.617926,C,IN ,5,78,4,42410901
1773510353.618140,S,OUT,6,78,5,410901c0f4
1773510353.618601,C,IN ,5,78,4,42410901
1773510353.618853,S,OUT,6,78,5,410901c0f4
1773510353.619258,C,IN ,5,78,4,42410901
1773510353.619524,S,OUT,6,78,5,410901c0f4
1773510353.619888,C,IN ,5,78,4,42410901
1773510353.620155,S,OUT,6,78,5,410901c0f4
1773510353.620539,C,IN ,5,78,4,42410901
1773510353.620767,S,OUT,6,78,5,410901c0f4
1773510353.621150,C,IN ,5,78,4,42410901
1773510353.621367,S,OUT,6,78,5,410901c0f4
1773510353.621723,C,IN ,5,78,4,42410901
1773510353.621937,S,OUT,6,78,5,410901c0f4
1773510353.622341,C,IN ,5,78,4,42410901
1773510353.622552,S,OUT,6,78,5,410901c0f4
1773510353.622918,C,IN ,5,78,4,42410901
1773510353.623143,S,OUT,6,78,5,410901c0f4
1773510353.623565,C,IN ,5,78,4,42410901
1773510353.623785,S,OUT,6,78,5,410901c0f4
1773510353.624148,C,IN ,5,78,4,42410901
1773510353.624372,S,OUT,6,78,5,410901c0f4
1773510353.624705,C,IN ,5,78,4,42410901
1773510353.624969,S,OUT,6,78,5,410901c0f4
1773510353.625397,C,IN ,5,78,4,42410901
1773510353.625628,S,OUT,6,78,5,410901c0f4
1773510353.625979,C,IN ,5,78,4,42410901
1773510353.626196,S,OUT,6,78,5,410901c0f4
1773510353.626539,C,IN ,5,78,4,42410901
1773510353.626752,S,OUT,6,78,5,410901c0f4
1773510353.627107,C,IN ,5,78,4,42410901
1773510353.627346,S,OUT,6,78,5,410901c0f4
1773510353.627702,C,IN ,5,78,4,42410901
1773510353.627921,S,OUT,6,78,5,410901c0f4
1773510353.628338,C,IN ,5,78,4,42410901
1773510353.628556,S,OUT,6,78,5,410901c0f4
1773510353.628903,C,IN ,5,78,4,42410901
1773510353.629119,S,OUT,6,78,5,410901c0f4
1773510353.629564,C,IN ,5,78,4,42410901
1773510353.629800,S,OUT,6,78,5,410901c0f4
1773510353.630130,C,IN ,5,78,4,42410901
1773510353.630374,S,OUT,6,78,5,410901c0f4
1773510353.630928,C,IN ,5,78,4,42410901
1773510353.631189,S,OUT,6,78,5,410901c0f4
1773510353.631615,C,IN ,5,78,4,42410901
1773510353.631929,S,OUT,6,78,5,410901c0f4
1773510353.632357,C,IN ,5,78,4,42410901
1773510353.632577,S,OUT,6,78,5,410901c0f4
1773510353.633062,C,IN ,5,78,4,42410901
1773510353.633331,S,OUT,6,78,5,410901c0f4
1773510353.633914,C,IN ,5,78,4,42410901
1773510353.634175,S,OUT,6,78,5,410901c0f4
1773510353.634910,C,IN ,5,78,4,42410900
1773510353.635214,S,OUT,6,78,5,430901c0f2
1773510353.635970,C,IN ,5,78,34,44091ec0ff060300010000000000ff06090001aa000000000112040005622307006a
1773510353.636231,S,OUT,6,78,3,064409
1773510354.119597,S,OUT,6,78,25,400915c000fe0000aa00000000000000000000000000000039
1773510354.120483,C,IN ,5,78,3,064009
1773510354.120873,S,OUT,6,78,5,410901c0f4
1773510354.121609,C,IN ,5,78,4,42410900
1773510354.121947,S,OUT,6,78,5,430901c0f2
1773510354.122628,C,IN ,5,78,27,440917c000fe0000aa000000000000fe020001aa00000000010087
1773510354.122930,S,OUT,6,78,3,064409
1773510354.466291,S,OUT,6,78,25,400915c000fe0000aa00000000000000000000000000000039
1773510354.467221,C,IN ,5,78,3,064009
1773510354.467581,S,OUT,6,78,5,410901c0f4
1773510354.468068,C,IN ,5,78,4,42410900
1773510354.468340,S,OUT,6,78,5,430901c0f2
1773510354.469026,C,IN ,5,78,27,440917c000fe0000aa000000000000fe020001aa00000000010087
1773510354.469328,S,OUT,6,78,3,064409
1773510354.495749,S,OUT,6,78,28,400918c0ff0603000100000000000000000000000000000022230a86
1773510354.497495,C,IN ,5,78,3,064009
1773510354.497842,S,OUT,6,78,5,410901c0f4
1773510354.500991,C,IN ,5,78,4,42410901
1773510354.501356,S,OUT,6,78,5,410901c0f4
1773510354.501889,C,IN ,5,78,4,42410901
1773510354.502243,S,OUT,6,78,5,410901c0f4
1773510354.502678,C,IN ,5,78,4,42410901
1773510354.503010,S,OUT,6,78,5,410901c0f4
1773510354.503520,C,IN ,5,78,4,42410901
1773510354.503769,S,OUT,6,78,5,410901c0f4
1773510354.504123,C,IN ,5,78,4,42410901
1773510354.504348,S,OUT,6,78,5,410901c0f4
1773510354.504770,C,IN ,5,78,4,42410901
1773510354.505057,S,OUT,6,78,5,410901c0f4
1773510354.505418,C,IN ,5,78,4,42410901
1773510354.505662,S,OUT,6,78,5,410901c0f4
1773510354.506070,C,IN ,5,78,4,42410901
1773510354.506348,S,OUT,6,78,5,410901c0f4
1773510354.506801,C,IN ,5,78,4,42410901
1773510354.507044,S,OUT,6,78,5,410901c0f4
1773510354.507416,C,IN ,5,78,4,42410901
1773510354.507684,S,OUT,6,78,5,410901c0f4
1773510354.508102,C,IN ,5,78,4,42410901
1773510354.508388,S,OUT,6,78,5,410901c0f4
1773510354.508824,C,IN ,5,78,4,42410901
1773510354.509091,S,OUT,6,78,5,410901c0f4
1773510354.509467,C,IN ,5,78,4,42410901
1773510354.509696,S,OUT,6,78,5,410901c0f4
1773510354.510031,C,IN ,5,78,4,42410901
1773510354.510304,S,OUT,6,78,5,410901c0f4
1773510354.510712,C,IN ,5,78,4,42410901
1773510354.510938,S,OUT,6,78,5,410901c0f4
1773510354.511305,C,IN ,5,78,4,42410901
1773510354.511542,S,OUT,6,78,5,410901c0f4
1773510354.511934,C,IN ,5,78,4,42410901
1773510354.512175,S,OUT,6,78,5,410901c0f4
1773510354.512575,C,IN ,5,78,4,42410901
1773510354.512816,S,OUT,6,78,5,410901c0f4
1773510354.513150,C,IN ,5,78,4,42410901
1773510354.513399,S,OUT,6,78,5,410901c0f4
1773510354.513836,C,IN ,5,78,4,42410901
1773510354.514092,S,OUT,6,78,5,410901c0f4
1773510354.514422,C,IN ,5,78,4,42410901
1773510354.514648,S,OUT,6,78,5,410901c0f4
1773510354.515008,C,IN ,5,78,4,42410901
1773510354.515239,S,OUT,6,78,5,410901c0f4
1773510354.515569,C,IN ,5,78,4,42410901
1773510354.515787,S,OUT,6,78,5,410901c0f4
1773510354.516148,C,IN ,5,78,4,42410901
1773510354.516360,S,OUT,6,78,5,410901c0f4
1773510354.516790,C,IN ,5,78,4,42410901
1773510354.516995,S,OUT,6,78,5,410901c0f4
1773510354.517350,C,IN ,5,78,4,42410901
1773510354.517629,S,OUT,6,78,5,410901c0f4
1773510354.517993,C,IN ,5,78,4,42410901
1773510354.518219,S,OUT,6,78,5,410901c0f4
1773510354.518572,C,IN ,5,78,4,42410901
1773510354.518784,S,OUT,6,78,5,410901c0f4
1773510354.519149,C,IN ,5,78,4,42410901
1773510354.519454,S,OUT,6,78,5,410901c0f4
1773510354.519887,C,IN ,5,78,4,42410901
1773510354.520161,S,OUT,6,78,5,410901c0f4
1773510354.520604,C,IN ,5,78,4,42410901
1773510354.520846,S,OUT,6,78,5,410901c0f4
1773510354.521239,C,IN ,5,78,4,42410901
1773510354.521468,S,OUT,6,78,5,410901c0f4
1773510354.521869,C,IN ,5,78,4,42410901
1773510354.522073,S,OUT,6,78,5,410901c0f4
1773510354.522439,C,IN ,5,78,4,42410901
1773510354.522644,S,OUT,6,78,5,410901c0f4
1773510354.523105,C,IN ,5,78,4,42410901
1773510354.523327,S,OUT,6,78,5,410901c0f4
1773510354.523952,C,IN ,5,78,4,42410901
1773510354.524276,S,OUT,6,78,5,410901c0f4
1773510354.524748,C,IN ,5,78,4,42410900
1773510354.524989,S,OUT,6,78,5,430901c0f2
1773510354.525826,C,IN ,5,78,34,44091ec0ff060300010000000000ff06090001aa00000000011204000562230a0067
1773510354.526122,S,OUT,6,78,3,064409
1773510354.984048,S,OUT,6,78,25,400915c000fe0000aa00000000000000000000000000000039
1773510354.985010,C,IN ,5,78,3,064009
1773510354.985432,S,OUT,6,78,5,410901c0f4
1773510354.985950,C,IN ,5,78,4,42410900
1773510354.986271,S,OUT,6,78,5,430901c0f2
1773510354.987014,C,IN ,5,78,27,440917c000fe0000aa000000000000fe020001aa00000000010087
1773510354.987332,S,OUT,6,78,3,064409
1773510355.335134,S,OUT,6,78,25,400915c000fe0000aa00000000000000000000000000000039
1773510355.336084,C,IN ,5,78,3,064009
1773510355.336482,S,OUT,6,78,5,410901c0f4
1773510355.336873,C,IN ,5,78,4,42410900
1773510355.337132,S,OUT,6,78,5,430901c0f2
1773510355.337817,C,IN ,5,78,27,440917c000fe0000aa000000000000fe020001aa00000000010087
1773510355.338104,S,OUT,6,78,3,064409
1773510355.364594,S,OUT,6,78,28,400918c0ff060300010000000000000000000000000000002223236d
1773510355.366350,C,IN ,5,78,3,064009
1773510355.366762,S,OUT,6,78,5,410901c0f4
1773510355.369511,C,IN ,5,78,4,42410901
1773510355.369922,S,OUT,6,78,5,410901c0f4
1773510355.370396,C,IN ,5,78,4,42410901
1773510355.370697,S,OUT,6,78,5,410901c0f4
1773510355.371312,C,IN ,5,78,4,42410901
1773510355.371631,S,OUT,6,78,5,410901c0f4
1773510355.372042,C,IN ,5,78,4,42410901
1773510355.372416,S,OUT,6,78,5,410901c0f4
1773510355.372877,C,IN ,5,78,4,42410901
1773510355.373203,S,OUT,6,78,5,410901c0f4
1773510355.373608,C,IN ,5,78,4,42410901
1773510355.373878,S,OUT,6,78,5,410901c0f4
1773510355.374267,C,IN ,5,78,4,42410901
1773510355.374597,S,OUT,6,78,5,410901c0f4
1773510355.375146,C,IN ,5,78,4,42410901
1773510355.375508,S,OUT,6,78,5,410901c0f4
1773510355.375991,C,IN ,5,78,4,42410901
1773510355.376343,S,OUT,6,78,5,410901c0f4
1773510355.376745,C,IN ,5,78,4,42410901
1773510355.377057,S,OUT,6,78,5,410901c0f4
1773510355.377450,C,IN ,5,78,4,42410901
1773510355.377804,S,OUT,6,78,5,410901c0f4
1773510355.378233,C,IN ,5,78,4,42410901
1773510355.378598,S,OUT,6,78,5,410901c0f4
1773510355.379037,C,IN ,5,78,4,42410901
1773510355.379380,S,OUT,6,78,5,410901c0f4
1773510355.379825,C,IN ,5,78,4,42410901
1773510355.380233,S,OUT,6,78,5,410901c0f4
1773510355.380730,C,IN ,5,78,4,42410901
1773510355.381101,S,OUT,6,78,5,410901c0f4
1773510355.381669,C,IN ,5,78,4,42410901
1773510355.382077,S,OUT,6,78,5,410901c0f4
1773510355.382607,C,IN ,5,78,4,42410901
1773510355.382956,S,OUT,6,78,5,410901c0f4
1773510355.383377,C,IN ,5,78,4,42410901
1773510355.383712,S,OUT,6,78,5,410901c0f4
1773510355.384147,C,IN ,5,78,4,42410901
1773510355.384482,S,OUT,6,78,5,410901c0f4
1773510355.384882,C,IN ,5,78,4,42410901
1773510355.385223,S,OUT,6,78,5,410901c0f4
1773510355.385660,C,IN ,5,78,4,42410901
1773510355.385968,S,OUT,6,78,5,410901c0f4
1773510355.386397,C,IN ,5,78,4,42410901
1773510355.386702,S,OUT,6,78,5,410901c0f4
1773510355.387121,C,IN ,5,78,4,42410901
1773510355.387494,S,OUT,6,78,5,410901c0f4
1773510355.387944,C,IN ,5,78,4,42410901
1773510355.388360,S,OUT,6,78,5,410901c0f4
1773510355.388846,C,IN ,5,78,4,42410901
1773510355.389218,S,OUT,6,78,5,410901c0f4
1773510355.389664,C,IN ,5,78,4,42410901
1773510355.390056,S,OUT,6,78,5,410901c0f4
1773510355.390507,C,IN ,5,78,4,42410901
1773510355.390881,S,OUT,6,78,5,410901c0f4
1773510355.391318,C,IN ,5,78,4,42410901
1773510355.391677,S,OUT,6,78,5,410901c0f4
1773510355.392112,C,IN ,5,78,4,42410901
1773510355.392443,S,OUT,6,78,5,410901c0f4
1773510355.392928,C,IN ,5,78,4,42410901
1773510355.393272,S,OUT,6,78,5,410901c0f4
1773510355.393744,C,IN ,5,78,4,42410901
1773510355.394078,S,OUT,6,78,5,410901c0f4
1773510355.394608,C,IN ,5,78,4,42410901
1773510355.394984,S,OUT,6,78,5,410901c0f4
1773510355.395411,C,IN ,5,78,4,42410900
1773510355.395736,S,OUT,6,78,5,430901c0f2
1773510355.396629,C,IN ,5,78,34,44091ec0ff060300010000000000ff06090001aa000000000112040005622323014d
1773510355.396981,S,OUT,6,78,3,064409
1773510356.045481,S,OUT,6,78,25,400915c000fe0000aa00000000000000000000000000000039
1773510356.046446,C,IN ,5,78,3,064009
1773510356.046855,S,OUT,6,78,5,410901c0f4
1773510356.047671,C,IN ,5,78,4,42410900
1773510356.047949,S,OUT,6,78,5,430901c0f2
1773510356.048712,C,IN ,5,78,27,440917c000fe0000aa000000000000fe020001aa00000000010087
1773510356.049016,S,OUT,6,78,3,064409
1773510356.208459,S,OUT,6,78,25,400915c000fe0000aa00000000000000000000000000000039
1773510356.209445,C,IN ,5,78,3,064009
1773510356.209809,S,OUT,6,78,5,410901c0f4
1773510356.210257,C,IN ,5,78,4,42410900
1773510356.210589,S,OUT,6,78,5,430901c0f2
1773510356.211324,C,IN ,5,78,27,440917c000fe0000aa000000000000fe020001aa00000000010087
1773510356.211716,S,OUT,6,78,3,064409
1773510356.582576,S,OUT,6,78,25,400915c000fe0000aa00000000000000000000000000000039
1773510356.583541,C,IN ,5,78,3,064009
1773510356.583966,S,OUT,6,78,5,410901c0f4
1773510356.584415,C,IN ,5,78,4,42410900
1773510356.584749,S,OUT,6,78,5,430901c0f2
1773510356.585416,C,IN ,5,78,27,440917c000fe0000aa000000000000fe020001aa00000000010087
1773510356.585740,S,OUT,6,78,3,064409
1773510356.618298,S,OUT,6,78,28,400918c0ff060300010000000000000000000000000000002223266a
1773510356.620012,C,IN ,5,78,3,064009
1773510356.620426,S,OUT,6,78,5,410901c0f4
1773510356.623511,C,IN ,5,78,4,42410901
1773510356.623893,S,OUT,6,78,5,410901c0f4
1773510356.624463,C,IN ,5,78,4,42410901
1773510356.624825,S,OUT,6,78,5,410901c0f4
1773510356.625312,C,IN ,5,78,4,42410901
1773510356.625761,S,OUT,6,78,5,410901c0f4
1773510356.626267,C,IN ,5,78,4,42410901
1773510356.626625,S,OUT,6,78,5,410901c0f4
1773510356.627062,C,IN ,5,78,4,42410901
1773510356.627348,S,OUT,6,78,5,410901c0f4
1773510356.627776,C,IN ,5,78,4,42410901
1773510356.628084,S,OUT,6,78,5,410901c0f4
1773510356.628470,C,IN ,5,78,4,42410901
1773510356.628751,S,OUT,6,78,5,410901c0f4
1773510356.629178,C,IN ,5,78,4,42410901
1773510356.629581,S,OUT,6,78,5,410901c0f4
1773510356.630033,C,IN ,5,78,4,42410901
1773510356.630336,S,OUT,6,78,5,410901c0f4
1773510356.630755,C,IN ,5,78,4,42410901
1773510356.631077,S,OUT,6,78,5,410901c0f4
1773510356.631462,C,IN ,5,78,4,42410901
1773510356.631786,S,OUT,6,78,5,410901c0f4
1773510356.632198,C,IN ,5,78,4,42410901
1773510356.632479,S,OUT,6,78,5,410901c0f4
1773510356.632890,C,IN ,5,78,4,42410901
1773510356.633165,S,OUT,6,78,5,410901c0f4
1773510356.633652,C,IN ,5,78,4,42410901
1773510356.633913,S,OUT,6,78,5,410901c0f4
1773510356.634303,C,IN ,5,78,4,42410901
1773510356.634575,S,OUT,6,78,5,410901c0f4
1773510356.634955,C,IN ,5,78,4,42410901
1773510356.635296,S,OUT,6,78,5,410901c0f4
1773510356.635690,C,IN ,5,78,4,42410901
1773510356.635959,S,OUT,6,78,5,410901c0f4
1773510356.636356,C,IN ,5,78,4,42410901
1773510356.636641,S,OUT,6,78,5,410901c0f4
1773510356.637065,C,IN ,5,78,4,42410901
1773510356.637320,S,OUT,6,78,5,410901c0f4
1773510356.637712,C,IN ,5,78,4,42410901
1773510356.637970,S,OUT,6,78,5,410901c0f4
1773510356.638381,C,IN ,5,78,4,42410901
1773510356.638705,S,OUT,6,78,5,410901c0f4
1773510356.639150,C,IN ,5,78,4,42410901
1773510356.639446,S,OUT,6,78,5,410901c0f4
1773510356.639856,C,IN ,5,78,4,42410901
1773510356.640124,S,OUT,6,78,5,410901c0f4
1773510356.640539,C,IN ,5,78,4,42410901
1773510356.640800,S,OUT,6,78,5,410901c0f4
1773510356.641230,C,IN ,5,78,4,42410901
1773510356.641484,S,OUT,6,78,5,410901c0f4
1773510356.641888,C,IN ,5,78,4,42410901
1773510356.642160,S,OUT,6,78,5,410901c0f4
1773510356.642570,C,IN ,5,78,4,42410901
1773510356.642843,S,OUT,6,78,5,410901c0f4
1773510356.643288,C,IN ,5,78,4,42410901
1773510356.643586,S,OUT,6,78,5,410901c0f4
1773510356.643992,C,IN ,5,78,4,42410901
1773510356.644252,S,OUT,6,78,5,410901c0f4
1773510356.644652,C,IN ,5,78,4,42410901
1773510356.644917,S,OUT,6,78,5,410901c0f4
1773510356.645448,C,IN ,5,78,4,42410901
1773510356.645894,S,OUT,6,78,5,410901c0f4
1773510356.646315,C,IN ,5,78,4,42410901
1773510356.646631,S,OUT,6,78,5,410901c0f4
1773510356.647030,C,IN ,5,78,4,42410901
1773510356.647314,S,OUT,6,78,5,410901c0f4
1773510356.647719,C,IN ,5,78,4,42410901
1773510356.647994,S,OUT,6,78,5,410901c0f4
1773510356.648471,C,IN ,5,78,4,42410901
1773510356.648759,S,OUT,6,78,5,410901c0f4
1773510356.649206,C,IN ,5,78,4,42410901
1773510356.649477,S,OUT,6,78,5,410901c0f4
1773510356.649892,C,IN ,5,78,4,42410901
1773510356.650198,S,OUT,6,78,5,410901c0f4
1773510356.650653,C,IN ,5,78,4,42410901
1773510356.650937,S,OUT,6,78,5,410901c0f4
1773510356.651409,C,IN ,5,78,4,42410901
1773510356.651757,S,OUT,6,78,5,410901c0f4
1773510356.652229,C,IN ,5,78,4,42410901
1773510356.652557,S,OUT,6,78,5,410901c0f4
1773510356.653028,C,IN ,5,78,4,42410901
1773510356.653313,S,OUT,6,78,5,410901c0f4
1773510356.653857,C,IN ,5,78,4,42410901
1773510356.654150,S,OUT,6,78,5,410901c0f4
1773510356.654652,C,IN ,5,78,4,42410900
1773510356.654989,S,OUT,6,78,5,430901c0f2
1773510356.656046,C,IN ,5,78,34,44091ec0ff060300010000000000ff06090001aa000000000112040005622326004b
1773510356.656334,S,OUT,6,78,3,064409
1773510357.202221,S,OUT,6,78,25,400915c000fe0000aa00000000000000000000000000000039
1773510357.203188,C,IN ,5,78,3,064009
1773510357.203555,S,OUT,6,78,5,410901c0f4
1773510357.203974,C,IN ,5,78,4,42410900
1773510357.204252,S,OUT,6,78,5,430901c0f2
1773510357.204997,C,IN ,5,78,27,440917c000fe0000aa000000000000fe020001aa00000000010087
1773510357.205315,S,OUT,6,78,3,064409
1773510357.579609,S,OUT,6,78,25,400915c000fe0000aa00000000000000000000000000000039
1773510357.580599,C,IN ,5,78,3,064009
1773510357.581044,S,OUT,6,78,5,410901c0f4
1773510357.581472,C,IN ,5,78,4,42410900
1773510357.581855,S,OUT,6,78,5,430901c0f2
1773510357.582597,C,IN ,5,78,27,440917c000fe0000aa000000000000fe020001aa00000000010087
1773510357.582945,S,OUT,6,78,3,064409
1773510357.612077,S,OUT,6,78,28,400918c0ff0603000100000000000000000000000000000022232769
1773510357.613716,C,IN ,5,78,3,064009
1773510357.614273,S,OUT,6,78,5,410901c0f4
1773510357.617241,C,IN ,5,78,4,42410901
1773510357.617727,S,OUT,6,78,5,410901c0f4
1773510357.618315,C,IN ,5,78,4,42410901
1773510357.618656,S,OUT,6,78,5,410901c0f4
1773510357.619138,C,IN ,5,78,4,42410901
1773510357.619443,S,OUT,6,78,5,410901c0f4
1773510357.619898,C,IN ,5,78,4,42410901
1773510357.620220,S,OUT,6,78,5,410901c0f4
1773510357.620687,C,IN ,5,78,4,42410901
1773510357.621392,S,OUT,6,78,5,410901c0f4
1773510357.621907,C,IN ,5,78,4,42410901
1773510357.622218,S,OUT,6,78,5,410901c0f4
1773510357.622687,C,IN ,5,78,4,42410901
1773510357.623043,S,OUT,6,78,5,410901c0f4
1773510357.623430,C,IN ,5,78,4,42410901
1773510357.623701,S,OUT,6,78,5,410901c0f4
1773510357.624130,C,IN ,5,78,4,42410901
1773510357.624436,S,OUT,6,78,5,410901c0f4
1773510357.624876,C,IN ,5,78,4,42410901
1773510357.625171,S,OUT,6,78,5,410901c0f4
1773510357.625585,C,IN ,5,78,4,42410901
1773510357.625875,S,OUT,6,78,5,410901c0f4
1773510357.626230,C,IN ,5,78,4,42410901
1773510357.626498,S,OUT,6,78,5,410901c0f4
1773510357.626908,C,IN ,5,78,4,42410901
1773510357.627161,S,OUT,6,78,5,410901c0f4
1773510357.627525,C,IN ,5,78,4,42410901
1773510357.627794,S,OUT,6,78,5,410901c0f4
1773510357.628261,C,IN ,5,78,4,42410901
1773510357.628780,S,OUT,6,78,5,410901c0f4
1773510357.629224,C,IN ,5,78,4,42410901
1773510357.629745,S,OUT,6,78,5,410901c0f4
1773510357.630158,C,IN ,5,78,4,42410901
1773510357.630479,S,OUT,6,78,5,410901c0f4
1773510357.630919,C,IN ,5,78,4,42410901
1773510357.631182,S,OUT,6,78,5,410901c0f4
1773510357.631912,C,IN ,5,78,4,42410901
1773510357.632214,S,OUT,6,78,5,410901c0f4
1773510357.632593,C,IN ,5,78,4,42410901
1773510357.632870,S,OUT,6,78,5,410901c0f4
1773510357.633228,C,IN ,5,78,4,42410901
1773510357.633501,S,OUT,6,78,5,410901c0f4
1773510357.633889,C,IN ,5,78,4,42410901
1773510357.634147,S,OUT,6,78,5,410901c0f4
1773510357.634487,C,IN ,5,78,4,42410901
1773510357.634741,S,OUT,6,78,5,410901c0f4
1773510357.635145,C,IN ,5,78,4,42410901
1773510357.635398,S,OUT,6,78,5,410901c0f4
1773510357.635778,C,IN ,5,78,4,42410901
1773510357.636066,S,OUT,6,78,5,410901c0f4
1773510357.636450,C,IN ,5,78,4,42410901
1773510357.636713,S,OUT,6,78,5,410901c0f4
1773510357.637104,C,IN ,5,78,4,42410901
1773510357.637390,S,OUT,6,78,5,410901c0f4
1773510357.637759,C,IN ,5,78,4,42410901
1773510357.638007,S,OUT,6,78,5,410901c0f4
1773510357.638387,C,IN ,5,78,4,42410901
1773510357.638704,S,OUT,6,78,5,410901c0f4
1773510357.639126,C,IN ,5,78,4,42410901
1773510357.639393,S,OUT,6,78,5,410901c0f4
1773510357.639757,C,IN ,5,78,4,42410901
1773510357.640029,S,OUT,6,78,5,410901c0f4
1773510357.640410,C,IN ,5,78,4,42410901
1773510357.640656,S,OUT,6,78,5,410901c0f4
1773510357.641099,C,IN ,5,78,4,42410901
1773510357.641348,S,OUT,6,78,5,410901c0f4
1773510357.641749,C,IN ,5,78,4,42410901
1773510357.642008,S,OUT,6,78,5,410901c0f4
1773510357.642364,C,IN ,5,78,4,42410901
1773510357.642598,S,OUT,6,78,5,410901c0f4
1773510357.643291,C,IN ,5,78,4,42410901
1773510357.643598,S,OUT,6,78,5,410901c0f4
1773510357.644157,C,IN ,5,78,4,42410900
1773510357.644418,S,OUT,6,78,5,430901c0f2
1773510357.645238,C,IN ,5,78,34,44091ec0ff060300010000000000ff06090001aa0000000001120400056223270149
1773510357.645603,S,OUT,6,78,3,064409
1773510358.193574,S,OUT,6,78,25,400915c000fe0000aa00000000000000000000000000000039
1773510358.194531,C,IN ,5,78,3,064009
1773510358.194954,S,OUT,6,78,5,410901c0f4
1773510358.195394,C,IN ,5,78,4,42410900
1773510358.195942,S,OUT,6,78,5,430901c0f2
1773510358.196643,C,IN ,5,78,27,440917c000fe0000aa000000000000fe020001aa00000000010087
1773510358.196990,S,OUT,6,78,3,064409
1773510358.572000,S,OUT,6,78,25,400915c000fe0000aa00000000000000000000000000000039
1773510358.573014,C,IN ,5,78,3,064009
1773510358.573419,S,OUT,6,78,5,410901c0f4
1773510358.574043,C,IN ,5,78,4,42410900
1773510358.574366,S,OUT,6,78,5,430901c0f2
1773510358.575081,C,IN ,5,78,27,440917c000fe0000aa000000000000fe020001aa00000000010087
1773510358.575387,S,OUT,6,78,3,064409
1773510358.604524,S,OUT,6,78,28,400918c0ff060300010000000000000000000000000000002223454b
1773510358.606173,C,IN ,5,78,3,064009
1773510358.606584,S,OUT,6,78,5,410901c0f4
1773510358.609447,C,IN ,5,78,4,42410901
1773510358.609939,S,OUT,6,78,5,410901c0f4
1773510358.610375,C,IN ,5,78,4,42410901
1773510358.610667,S,OUT,6,78,5,410901c0f4
1773510358.611208,C,IN ,5,78,4,42410901
1773510358.611466,S,OUT,6,78,5,410901c0f4
1773510358.611950,C,IN ,5,78,4,42410901
1773510358.612242,S,OUT,6,78,5,410901c0f4
1773510358.612642,C,IN ,5,78,4,42410901
1773510358.612904,S,OUT,6,78,5,410901c0f4
1773510358.613329,C,IN ,5,78,4,42410901
1773510358.613625,S,OUT,6,78,5,410901c0f4
1773510358.614088,C,IN ,5,78,4,42410901
1773510358.614422,S,OUT,6,78,5,410901c0f4
1773510358.614860,C,IN ,5,78,4,42410901
1773510358.615149,S,OUT,6,78,5,410901c0f4
1773510358.615491,C,IN ,5,78,4,42410901
1773510358.615743,S,OUT,6,78,5,410901c0f4
1773510358.616080,C,IN ,5,78,4,42410901
1773510358.616328,S,OUT,6,78,5,410901c0f4
1773510358.616778,C,IN ,5,78,4,42410901
1773510358.617050,S,OUT,6,78,5,410901c0f4
1773510358.617409,C,IN ,5,78,4,42410901
1773510358.617670,S,OUT,6,78,5,410901c0f4
1773510358.618025,C,IN ,5,78,4,42410901
1773510358.618355,S,OUT,6,78,5,410901c0f4
1773510358.618794,C,IN ,5,78,4,42410901
1773510358.619064,S,OUT,6,78,5,410901c0f4
1773510358.619440,C,IN ,5,78,4,42410901
1773510358.619721,S,OUT,6,78,5,410901c0f4
1773510358.620087,C,IN ,5,78,4,42410901
1773510358.620355,S,OUT,6,78,5,410901c0f4
1773510358.620748,C,IN ,5,78,4,42410901
1773510358.621008,S,OUT,6,78,5,410901c0f4
1773510358.621404,C,IN ,5,78,4,42410901
1773510358.621692,S,OUT,6,78,5,410901c0f4
1773510358.622081,C,IN ,5,78,4,42410901
1773510358.622339,S,OUT,6,78,5,410901c0f4
1773510358.622719,C,IN ,5,78,4,42410901
1773510358.622983,S,OUT,6,78,5,410901c0f4
1773510358.623357,C,IN ,5,78,4,42410901
1773510358.623676,S,OUT,6,78,5,410901c0f4
1773510358.624047,C,IN ,5,78,4,42410901
1773510358.624313,S,OUT,6,78,5,410901c0f4
1773510358.624719,C,IN ,5,78,4,42410901
1773510358.624999,S,OUT,6,78,5,410901c0f4
1773510358.625355,C,IN ,5,78,4,42410901
1773510358.625592,S,OUT,6,78,5,410901c0f4
1773510358.626024,C,IN ,5,78,4,42410901
1773510358.626264,S,OUT,6,78,5,410901c0f4
1773510358.626808,C,IN ,5,78,4,42410901
1773510358.627126,S,OUT,6,78,5,410901c0f4
1773510358.627516,C,IN ,5,78,4,42410901
1773510358.627829,S,OUT,6,78,5,410901c0f4
1773510358.628223,C,IN ,5,78,4,42410901
1773510358.628654,S,OUT,6,78,5,410901c0f4
1773510358.629148,C,IN ,5,78,4,42410901
1773510358.629535,S,OUT,6,78,5,410901c0f4
1773510358.629975,C,IN ,5,78,4,42410901
1773510358.630273,S,OUT,6,78,5,410901c0f4
1773510358.630719,C,IN ,5,78,4,42410901
1773510358.631007,S,OUT,6,78,5,410901c0f4
1773510358.631373,C,IN ,5,78,4,42410901
1773510358.631680,S,OUT,6,78,5,410901c0f4
1773510358.632146,C,IN ,5,78,4,42410901
1773510358.632485,S,OUT,6,78,5,410901c0f4
1773510358.632930,C,IN ,5,78,4,42410901
1773510358.633276,S,OUT,6,78,5,410901c0f4
1773510358.633747,C,IN ,5,78,4,42410901
1773510358.634033,S,OUT,6,78,5,410901c0f4
1773510358.634542,C,IN ,5,78,4,42410901
1773510358.634816,S,OUT,6,78,5,410901c0f4
1773510358.635255,C,IN ,5,78,4,42410900
1773510358.635527,S,OUT,6,78,5,430901c0f2
1773510358.636377,C,IN ,5,78,34,44091ec0ff060300010000000000ff06090001aa000000000112040005622345012b
1773510358.636686,S,OUT,6,78,3,064409
1773510359.309931,S,OUT,6,78,25,400915c000fe0000aa00000000000000000000000000000039
1773510359.310926,C,IN ,5,78,3,064009
1773510359.311605,S,OUT,6,78,5,410901c0f4
1773510359.312273,C,IN ,5,78,4,42410900
1773510359.314763,S,OUT,6,78,5,430901c0f2
1773510359.315491,C,IN ,5,78,27,440917c000fe0000aa000000000000fe020001aa00000000010087
1773510359.316177,S,OUT,6,78,3,064409
1773510359.799156,S,OUT,6,78,25,400915c000fe0000aa00000000000000000000000000000039
1773510359.800118,C,IN ,5,78,3,064009
1773510359.800550,S,OUT,6,78,5,410901c0f4
1773510359.801026,C,IN ,5,78,4,42410900
1773510359.801381,S,OUT,6,78,5,430901c0f2
1773510359.802123,C,IN ,5,78,27,440917c000fe0000aa000000000000fe020001aa00000000010087
1773510359.802591,S,OUT,6,78,3,064409
1773510359.835565,S,OUT,6,78,28,400918c0ff0603000100000000000000000000000000000022234a46
1773510359.837238,C,IN ,5,78,3,064009
1773510359.837702,S,OUT,6,78,5,410901c0f4
1773510359.840520,C,IN ,5,78,4,42410901
1773510359.841429,S,OUT,6,78,5,410901c0f4
1773510359.842085,C,IN ,5,78,4,42410901
1773510359.842502,S,OUT,6,78,5,410901c0f4
1773510359.842950,C,IN ,5,78,4,42410901
1773510359.843476,S,OUT,6,78,5,410901c0f4
1773510359.844028,C,IN ,5,78,4,42410901
1773510359.844513,S,OUT,6,78,5,410901c0f4
1773510359.845126,C,IN ,5,78,4,42410901
1773510359.845711,S,OUT,6,78,5,410901c0f4
1773510359.846409,C,IN ,5,78,4,42410901
1773510359.846803,S,OUT,6,78,5,410901c0f4
1773510359.847283,C,IN ,5,78,4,42410901
1773510359.847676,S,OUT,6,78,5,410901c0f4
1773510359.848131,C,IN ,5,78,4,42410901
1773510359.848540,S,OUT,6,78,5,410901c0f4
1773510359.848991,C,IN ,5,78,4,42410901
1773510359.849374,S,OUT,6,78,5,410901c0f4
1773510359.849923,C,IN ,5,78,4,42410901
1773510359.850375,S,OUT,6,78,5,410901c0f4
1773510359.851008,C,IN ,5,78,4,42410901
1773510359.851628,S,OUT,6,78,5,410901c0f4
1773510359.852104,C,IN ,5,78,4,42410901
1773510359.852423,S,OUT,6,78,5,410901c0f4
1773510359.852824,C,IN ,5,78,4,42410901
1773510359.853090,S,OUT,6,78,5,410901c0f4
1773510359.853472,C,IN ,5,78,4,42410901
1773510359.853780,S,OUT,6,78,5,410901c0f4
1773510359.854144,C,IN ,5,78,4,42410901
1773510359.854417,S,OUT,6,78,5,410901c0f4
1773510359.854848,C,IN ,5,78,4,42410901
1773510359.855162,S,OUT,6,78,5,410901c0f4
1773510359.855576,C,IN ,5,78,4,42410901
1773510359.855870,S,OUT,6,78,5,410901c0f4
1773510359.856215,C,IN ,5,78,4,42410901
1773510359.856466,S,OUT,6,78,5,410901c0f4
1773510359.856906,C,IN ,5,78,4,42410901
1773510359.857157,S,OUT,6,78,5,410901c0f4
1773510359.857546,C,IN ,5,78,4,42410901
1773510359.857805,S,OUT,6,78,5,410901c0f4
1773510359.858173,C,IN ,5,78,4,42410901
1773510359.858466,S,OUT,6,78,5,410901c0f4
1773510359.858907,C,IN ,5,78,4,42410901
1773510359.859261,S,OUT,6,78,5,410901c0f4
1773510359.859669,C,IN ,5,78,4,42410901
1773510359.859966,S,OUT,6,78,5,410901c0f4
1773510359.860344,C,IN ,5,78,4,42410901
1773510359.860611,S,OUT,6,78,5,410901c0f4
1773510359.861034,C,IN ,5,78,4,42410901
1773510359.861327,S,OUT,6,78,5,410901c0f4
1773510359.861760,C,IN ,5,78,4,42410901
1773510359.862068,S,OUT,6,78,5,410901c0f4
1773510359.862513,C,IN ,5,78,4,42410901
1773510359.862827,S,OUT,6,78,5,410901c0f4
1773510359.863532,C,IN ,5,78,4,42410901
1773510359.863835,S,OUT,6,78,5,410901c0f4
1773510359.864242,C,IN ,5,78,4,42410900
1773510359.864515,S,OUT,6,78,5,430901c0f2
1773510359.865291,C,IN ,5,78,34,44091ec0ff060300010000000000ff06090001aa00000000011204000562234a0027
1773510359.865865,S,OUT,6,78,3,064409
1773510360.443103,S,OUT,6,78,25,400915c000fe0000aa00000000000000000000000000000039
1773510360.444093,C,IN ,5,78,3,064009
1773510360.444402,S,OUT,6,78,5,410901c0f4
1773510360.444973,C,IN ,5,78,4,42410900
1773510360.445319,S,OUT,6,78,5,430901c0f2
1773510360.446027,C,IN ,5,78,27,440917c000fe0000aa000000000000fe020001aa00000000010087
1773510360.446303,S,OUT,6,78,3,064409
1773510360.781298,S,OUT,6,78,25,400915c000fe0000aa00000000000000000000000000000039
1773510360.782203,C,IN ,5,78,3,064009
1773510360.782507,S,OUT,6,78,5,410901c0f4
1773510360.782908,C,IN ,5,78,4,42410900
1773510360.783189,S,OUT,6,78,5,430901c0f2
1773510360.783887,C,IN ,5,78,27,440917c000fe0000aa000000000000fe020001aa00000000010087
1773510360.784136,S,OUT,6,78,3,064409
1773510360.813862,S,OUT,6,78,28,400918c0ff060300010000000000000000000000000000002223513f
1773510360.815542,C,IN ,5,78,3,064009
1773510360.815920,S,OUT,6,78,5,410901c0f4
1773510360.819058,C,IN ,5,78,4,42410901
1773510360.819748,S,OUT,6,78,5,410901c0f4
1773510360.820377,C,IN ,5,78,4,42410901
1773510360.820804,S,OUT,6,78,5,410901c0f4
1773510360.821253,C,IN ,5,78,4,42410901
1773510360.821525,S,OUT,6,78,5,410901c0f4
1773510360.822037,C,IN ,5,78,4,42410901
1773510360.822329,S,OUT,6,78,5,410901c0f4
1773510360.822801,C,IN ,5,78,4,42410901
1773510360.823073,S,OUT,6,78,5,410901c0f4
1773510360.823461,C,IN ,5,78,4,42410901
1773510360.823722,S,OUT,6,78,5,410901c0f4
1773510360.824123,C,IN ,5,78,4,42410901
1773510360.824411,S,OUT,6,78,5,410901c0f4
1773510360.824879,C,IN ,5,78,4,42410901
1773510360.825199,S,OUT,6,78,5,410901c0f4
1773510360.825636,C,IN ,5,78,4,42410901
1773510360.825975,S,OUT,6,78,5,410901c0f4
1773510360.826627,C,IN ,5,78,4,42410901
1773510360.827798,S,OUT,6,78,5,410901c0f4
1773510360.828595,C,IN ,5,78,4,42410901
1773510360.829244,S,OUT,6,78,5,410901c0f4
1773510360.829712,C,IN ,5,78,4,42410901
1773510360.830078,S,OUT,6,78,5,410901c0f4
1773510360.830478,C,IN ,5,78,4,42410901
1773510360.830818,S,OUT,6,78,5,410901c0f4
1773510360.831252,C,IN ,5,78,4,42410901
1773510360.831589,S,OUT,6,78,5,410901c0f4
1773510360.832070,C,IN ,5,78,4,42410901
1773510360.832404,S,OUT,6,78,5,410901c0f4
1773510360.832830,C,IN ,5,78,4,42410901
1773510360.833203,S,OUT,6,78,5,410901c0f4
1773510360.833695,C,IN ,5,78,4,42410901
1773510360.834099,S,OUT,6,78,5,410901c0f4
1773510360.834621,C,IN ,5,78,4,42410901
1773510360.835085,S,OUT,6,78,5,410901c0f4
1773510360.835571,C,IN ,5,78,4,42410901
1773510360.836034,S,OUT,6,78,5,410901c0f4
1773510360.836475,C,IN ,5,78,4,42410901
1773510360.836773,S,OUT,6,78,5,410901c0f4
1773510360.837143,C,IN ,5,78,4,42410901
1773510360.837437,S,OUT,6,78,5,410901c0f4
1773510360.837873,C,IN ,5,78,4,42410901
1773510360.838186,S,OUT,6,78,5,410901c0f4
1773510360.838668,C,IN ,5,78,4,42410901
1773510360.838981,S,OUT,6,78,5,410901c0f4
1773510360.839397,C,IN ,5,78,4,42410901
1773510360.839680,S,OUT,6,78,5,410901c0f4
1773510360.840059,C,IN ,5,78,4,42410901
1773510360.840356,S,OUT,6,78,5,410901c0f4
1773510360.840802,C,IN ,5,78,4,42410901
1773510360.841084,S,OUT,6,78,5,410901c0f4
1773510360.841511,C,IN ,5,78,4,42410901
1773510360.842018,S,OUT,6,78,5,410901c0f4
1773510360.842484,C,IN ,5,78,4,42410901
1773510360.842809,S,OUT,6,78,5,410901c0f4
1773510360.843188,C,IN ,5,78,4,42410901
1773510360.843458,S,OUT,6,78,5,410901c0f4
1773510360.844099,C,IN ,5,78,4,42410901
1773510360.844363,S,OUT,6,78,5,410901c0f4
1773510360.844925,C,IN ,5,78,4,42410900
1773510360.845243,S,OUT,6,78,5,430901c0f2
1773510360.846019,C,IN ,5,78,34,44091ec0ff060300010000000000ff06090001aa0000000001120400056223510020
1773510360.846422,S,OUT,6,78,3,064409
1773510361.400588,S,OUT,6,78,25,400915c000fe0000aa00000000000000000000000000000039
1773510361.401553,C,IN ,5,78,3,064009
1773510361.401954,S,OUT,6,78,5,410901c0f4
1773510361.402356,C,IN ,5,78,4,42410900
1773510361.402641,S,OUT,6,78,5,430901c0f2
1773510361.403305,C,IN ,5,78,27,440917c000fe0000aa000000000000fe020001aa00000000010087
1773510361.403715,S,OUT,6,78,3,064409
1773510361.754736,S,OUT,6,78,25,400915c000fe0000aa00000000000000000000000000000039
1773510361.755683,C,IN ,5,78,3,064009
1773510361.755990,S,OUT,6,78,5,410901c0f4
1773510361.756410,C,IN ,5,78,4,42410900
1773510361.756708,S,OUT,6,78,5,430901c0f2
1773510361.757433,C,IN ,5,78,27,440917c000fe0000aa000000000000fe020001aa00000000010087
1773510361.757773,S,OUT,6,78,3,064409
1773510361.786336,S,OUT,6,78,28,400918c0ff0603000100000000000000000000000000000022236729
1773510361.788177,C,IN ,5,78,3,064009
1773510361.788637,S,OUT,6,78,5,410901c0f4
1773510361.791281,C,IN ,5,78,4,42410901
1773510361.792305,S,OUT,6,78,5,410901c0f4
1773510361.793244,C,IN ,5,78,4,42410901
1773510361.794811,S,OUT,6,78,5,410901c0f4
1773510361.795623,C,IN ,5,78,4,42410901
1773510361.795998,S,OUT,6,78,5,410901c0f4
1773510361.796423,C,IN ,5,78,4,42410901
1773510361.796928,S,OUT,6,78,5,410901c0f4
1773510361.797395,C,IN ,5,78,4,42410901
1773510361.798711,S,OUT,6,78,5,410901c0f4
1773510361.799253,C,IN ,5,78,4,42410901
1773510361.799679,S,OUT,6,78,5,410901c0f4
1773510361.800285,C,IN ,5,78,4,42410901
1773510361.800720,S,OUT,6,78,5,410901c0f4
1773510361.801170,C,IN ,5,78,4,42410901
1773510361.801525,S,OUT,6,78,5,410901c0f4
1773510361.801990,C,IN ,5,78,4,42410901
1773510361.802333,S,OUT,6,78,5,410901c0f4
1773510361.802746,C,IN ,5,78,4,42410901
1773510361.803052,S,OUT,6,78,5,410901c0f4
1773510361.803485,C,IN ,5,78,4,42410901
1773510361.803758,S,OUT,6,78,5,410901c0f4
1773510361.804139,C,IN ,5,78,4,42410901
1773510361.804463,S,OUT,6,78,5,410901c0f4
1773510361.804841,C,IN ,5,78,4,42410901
1773510361.805142,S,OUT,6,78,5,410901c0f4
1773510361.805604,C,IN ,5,78,4,42410901
1773510361.805876,S,OUT,6,78,5,410901c0f4
1773510361.806240,C,IN ,5,78,4,42410901
1773510361.806509,S,OUT,6,78,5,410901c0f4
1773510361.806860,C,IN ,5,78,4,42410901
1773510361.807142,S,OUT,6,78,5,410901c0f4
1773510361.807568,C,IN ,5,78,4,42410901
1773510361.807862,S,OUT,6,78,5,410901c0f4
1773510361.808284,C,IN ,5,78,4,42410901
1773510361.808630,S,OUT,6,78,5,410901c0f4
1773510361.809204,C,IN ,5,78,4,42410901
1773510361.809543,S,OUT,6,78,5,410901c0f4
1773510361.809968,C,IN ,5,78,4,42410901
1773510361.810286,S,OUT,6,78,5,410901c0f4
1773510361.810691,C,IN ,5,78,4,42410901
1773510361.811149,S,OUT,6,78,5,410901c0f4
1773510361.811558,C,IN ,5,78,4,42410901
1773510361.811859,S,OUT,6,78,5,410901c0f4
1773510361.812261,C,IN ,5,78,4,42410901
1773510361.812625,S,OUT,6,78,5,410901c0f4
1773510361.812978,C,IN ,5,78,4,42410901
1773510361.813253,S,OUT,6,78,5,410901c0f4
1773510361.814031,C,IN ,5,78,4,42410901
1773510361.814519,S,OUT,6,78,5,410901c0f4
1773510361.815120,C,IN ,5,78,4,42410900
1773510361.815500,S,OUT,6,78,5,430901c0f2
1773510361.816241,C,IN ,5,78,34,44091ec0ff060300010000000000ff06090001aa0000000001120400056223670109
1773510361.816521,S,OUT,6,78,3,064409
1773510362.365466,S,OUT,6,78,25,400915c000fe0000aa00000000000000000000000000000039
1773510362.366414,C,IN ,5,78,3,064009
1773510362.366758,S,OUT,6,78,5,410901c0f4
1773510362.367223,C,IN ,5,78,4,42410900
1773510362.368411,S,OUT,6,78,5,430901c0f2
1773510362.369110,C,IN ,5,78,27,440917c000fe0000aa000000000000fe020001aa00000000010087
1773510362.369879,S,OUT,6,78,3,064409
1773510362.723380,S,OUT,6,78,25,400915c000fe0000aa00000000000000000000000000000039
1773510362.724331,C,IN ,5,78,3,064009
1773510362.724603,S,OUT,6,78,5,410901c0f4
1773510362.724981,C,IN ,5,78,4,42410900
1773510362.725348,S,OUT,6,78,5,430901c0f2
1773510362.726081,C,IN ,5,78,27,440917c000fe0000aa000000000000fe020001aa00000000010087
1773510362.726438,S,OUT,6,78,3,064409
1773510362.756130,S,OUT,6,78,28,400918c0ff0603000100000000000000000000000000000022236a26
1773510362.757767,C,IN ,5,78,3,064009
1773510362.758191,S,OUT,6,78,5,410901c0f4
1773510362.760975,C,IN ,5,78,4,42410901
1773510362.761853,S,OUT,6,78,5,410901c0f4
1773510362.762421,C,IN ,5,78,4,42410901
1773510362.762827,S,OUT,6,78,5,410901c0f4
1773510362.763372,C,IN ,5,78,4,42410901
1773510362.763769,S,OUT,6,78,5,410901c0f4
1773510362.764254,C,IN ,5,78,4,42410901
1773510362.764648,S,OUT,6,78,5,410901c0f4
1773510362.765175,C,IN ,5,78,4,42410901
1773510362.765584,S,OUT,6,78,5,410901c0f4
1773510362.766080,C,IN ,5,78,4,42410901
1773510362.766453,S,OUT,6,78,5,410901c0f4
1773510362.766883,C,IN ,5,78,4,42410901
1773510362.767185,S,OUT,6,78,5,410901c0f4
1773510362.767574,C,IN ,5,78,4,42410901
1773510362.767847,S,OUT,6,78,5,410901c0f4
1773510362.768274,C,IN ,5,78,4,42410901
1773510362.768706,S,OUT,6,78,5,410901c0f4
1773510362.769357,C,IN ,5,78,4,42410901
1773510362.769679,S,OUT,6,78,5,410901c0f4
1773510362.770134,C,IN ,5,78,4,42410901
1773510362.770453,S,OUT,6,78,5,410901c0f4
1773510362.770906,C,IN ,5,78,4,42410901
1773510362.771760,S,OUT,6,78,5,410901c0f4
1773510362.772234,C,IN ,5,78,4,42410901
1773510362.772553,S,OUT,6,78,5,410901c0f4
1773510362.772984,C,IN ,5,78,4,42410901
1773510362.773269,S,OUT,6,78,5,410901c0f4
1773510362.773669,C,IN ,5,78,4,42410901
1773510362.774006,S,OUT,6,78,5,410901c0f4
1773510362.774441,C,IN ,5,78,4,42410901
1773510362.774719,S,OUT,6,78,5,410901c0f4
1773510362.775095,C,IN ,5,78,4,42410901
1773510362.775369,S,OUT,6,78,5,410901c0f4
1773510362.775726,C,IN ,5,78,4,42410901
1773510362.775983,S,OUT,6,78,5,410901c0f4
1773510362.776509,C,IN ,5,78,4,42410901
1773510362.776806,S,OUT,6,78,5,410901c0f4
1773510362.777237,C,IN ,5,78,4,42410901
1773510362.777577,S,OUT,6,78,5,410901c0f4
1773510362.777958,C,IN ,5,78,4,42410901
1773510362.778262,S,OUT,6,78,5,410901c0f4
1773510362.778786,C,IN ,5,78,4,42410901
1773510362.779119,S,OUT,6,78,5,410901c0f4
1773510362.779527,C,IN ,5,78,4,42410901
1773510362.779829,S,OUT,6,78,5,410901c0f4
1773510362.780246,C,IN ,5,78,4,42410901
1773510362.780588,S,OUT,6,78,5,410901c0f4
1773510362.781044,C,IN ,5,78,4,42410901
1773510362.781385,S,OUT,6,78,5,410901c0f4
1773510362.781867,C,IN ,5,78,4,42410901
1773510362.782257,S,OUT,6,78,5,410901c0f4
1773510362.782729,C,IN ,5,78,4,42410901
1773510362.783123,S,OUT,6,78,5,410901c0f4
1773510362.783906,C,IN ,5,78,4,42410901
1773510362.784328,S,OUT,6,78,5,410901c0f4
1773510362.784761,C,IN ,5,78,4,42410900
1773510362.785179,S,OUT,6,78,5,430901c0f2
1773510362.785983,C,IN ,5,78,34,44091ec0ff060300010000000000ff06090001aa00000000011204000562236a0106
1773510362.786267,S,OUT,6,78,3,064409
1773510363.440449,S,OUT,6,78,25,400915c000fe0000aa00000000000000000000000000000039
1773510363.441378,C,IN ,5,78,3,064009
1773510363.441687,S,OUT,6,78,5,410901c0f4
1773510363.442086,C,IN ,5,78,4,42410900
1773510363.442438,S,OUT,6,78,5,430901c0f2
1773510363.443133,C,IN ,5,78,27,440917c000fe0000aa000000000000fe020001aa00000000010087
1773510363.443474,S,OUT,6,78,3,064409
1773510363.786244,S,OUT,6,78,25,400915c000fe0000aa00000000000000000000000000000039
1773510363.787207,C,IN ,5,78,3,064009
1773510363.787593,S,OUT,6,78,5,410901c0f4
1773510363.788024,C,IN ,5,78,4,42410900
1773510363.788693,S,OUT,6,78,5,430901c0f2
1773510363.789431,C,IN ,5,78,27,440917c000fe0000aa000000000000fe020001aa00000000010087
1773510363.789731,S,OUT,6,78,3,064409
1773510363.821520,S,OUT,6,78,28,400918c0ff0603000100000000000000000000000000000022236b25
1773510363.823139,C,IN ,5,78,3,064009
1773510363.823695,S,OUT,6,78,5,410901c0f4
1773510363.826693,C,IN ,5,78,4,42410901
1773510363.827239,S,OUT,6,78,5,410901c0f4
1773510363.827808,C,IN ,5,78,4,42410901
1773510363.828248,S,OUT,6,78,5,410901c0f4
1773510363.829214,C,IN ,5,78,4,42410901
1773510363.829713,S,OUT,6,78,5,410901c0f4
1773510363.830359,C,IN ,5,78,4,42410901
1773510363.830752,S,OUT,6,78,5,410901c0f4
1773510363.831197,C,IN ,5,78,4,42410901
1773510363.831525,S,OUT,6,78,5,410901c0f4
1773510363.831953,C,IN ,5,78,4,42410901
1773510363.832282,S,OUT,6,78,5,410901c0f4
1773510363.832692,C,IN ,5,78,4,42410901
1773510363.833019,S,OUT,6,78,5,410901c0f4
1773510363.833464,C,IN ,5,78,4,42410901
1773510363.833838,S,OUT,6,78,5,410901c0f4
1773510363.834368,C,IN ,5,78,4,42410901
1773510363.834729,S,OUT,6,78,5,410901c0f4
1773510363.835402,C,IN ,5,78,4,42410901
1773510363.835828,S,OUT,6,78,5,410901c0f4
1773510363.836238,C,IN ,5,78,4,42410901
1773510363.836575,S,OUT,6,78,5,410901c0f4
1773510363.837029,C,IN ,5,78,4,42410901
1773510363.837787,S,OUT,6,78,5,410901c0f4
1773510363.838205,C,IN ,5,78,4,42410901
1773510363.838584,S,OUT,6,78,5,410901c0f4
1773510363.838980,C,IN ,5,78,4,42410901
1773510363.839362,S,OUT,6,78,5,410901c0f4
1773510363.839742,C,IN ,5,78,4,42410901
1773510363.840021,S,OUT,6,78,5,410901c0f4
1773510363.840432,C,IN ,5,78,4,42410901
1773510363.840704,S,OUT,6,78,5,410901c0f4
1773510363.841085,C,IN ,5,78,4,42410901
1773510363.841364,S,OUT,6,78,5,410901c0f4
1773510363.841908,C,IN ,5,78,4,42410901
1773510363.842182,S,OUT,6,78,5,410901c0f4
1773510363.842628,C,IN ,5,78,4,42410901
1773510363.842940,S,OUT,6,78,5,410901c0f4
1773510363.843340,C,IN ,5,78,4,42410901
1773510363.843702,S,OUT,6,78,5,410901c0f4
1773510363.844095,C,IN ,5,78,4,42410901
1773510363.844454,S,OUT,6,78,5,410901c0f4
1773510363.844940,C,IN ,5,78,4,42410901
1773510363.845910,S,OUT,6,78,5,410901c0f4
1773510363.846345,C,IN ,5,78,4,42410901
1773510363.846686,S,OUT,6,78,5,410901c0f4
1773510363.847094,C,IN ,5,78,4,42410901
1773510363.847418,S,OUT,6,78,5,410901c0f4
1773510363.847825,C,IN ,5,78,4,42410901
1773510363.848143,S,OUT,6,78,5,410901c0f4
1773510363.848643,C,IN ,5,78,4,42410901
1773510363.848956,S,OUT,6,78,5,410901c0f4
1773510363.849437,C,IN ,5,78,4,42410901
1773510363.849766,S,OUT,6,78,5,410901c0f4
1773510363.850247,C,IN ,5,78,4,42410901
1773510363.851019,S,OUT,6,78,5,410901c0f4
1773510363.851797,C,IN ,5,78,4,42410901
1773510363.852273,S,OUT,6,78,5,410901c0f4
1773510363.852908,C,IN ,5,78,4,42410901
1773510363.853311,S,OUT,6,78,5,410901c0f4
1773510363.853906,C,IN ,5,78,4,42410901
1773510363.854263,S,OUT,6,78,5,410901c0f4
1773510363.854750,C,IN ,5,78,4,42410900
1773510363.855113,S,OUT,6,78,5,430901c0f2
1773510363.855929,C,IN ,5,78,34,44091ec0ff060300010000000000ff06090001aa00000000011204000562236b0105
1773510363.856277,S,OUT,6,78,3,064409
1773510364.446969,S,OUT,6,78,25,400915c000fe0000aa00000000000000000000000000000039
1773510364.447951,C,IN ,5,78,3,064009
1773510364.448396,S,OUT,6,78,5,410901c0f4
1773510364.448948,C,IN ,5,78,4,42410900
1773510364.449326,S,OUT,6,78,5,430901c0f2
1773510364.450014,C,IN ,5,78,27,440917c000fe0000aa000000000000fe020001aa00000000010087
1773510364.450398,S,OUT,6,78,3,064409
1773510364.801245,S,OUT,6,78,25,400915c000fe0000aa00000000000000000000000000000039
1773510364.802167,C,IN ,5,78,3,064009
1773510364.802559,S,OUT,6,78,5,410901c0f4
1773510364.803027,C,IN ,5,78,4,42410900
1773510364.803499,S,OUT,6,78,5,430901c0f2
1773510364.804210,C,IN ,5,78,27,440917c000fe0000aa000000000000fe020001aa00000000010087
1773510364.804633,S,OUT,6,78,3,064409
1773510364.839402,S,OUT,6,78,28,400918c0ff0603000100000000000000000000000000000022236e22
1773510364.841053,C,IN ,5,78,3,064009
1773510364.841436,S,OUT,6,78,5,410901c0f4
1773510364.844334,C,IN ,5,78,4,42410901
1773510364.844710,S,OUT,6,78,5,410901c0f4
1773510364.845196,C,IN ,5,78,4,42410901
1773510364.845559,S,OUT,6,78,5,410901c0f4
1773510364.845942,C,IN ,5,78,4,42410901
1773510364.846208,S,OUT,6,78,5,410901c0f4
1773510364.846613,C,IN ,5,78,4,42410901
1773510364.846908,S,OUT,6,78,5,410901c0f4
1773510364.847352,C,IN ,5,78,4,42410901
1773510364.847635,S,OUT,6,78,5,410901c0f4
1773510364.848019,C,IN ,5,78,4,42410901
1773510364.848307,S,OUT,6,78,5,410901c0f4
1773510364.848775,C,IN ,5,78,4,42410901
1773510364.849094,S,OUT,6,78,5,410901c0f4
1773510364.849542,C,IN ,5,78,4,42410901
1773510364.849779,S,OUT,6,78,5,410901c0f4
1773510364.850173,C,IN ,5,78,4,42410901
1773510364.850434,S,OUT,6,78,5,410901c0f4
1773510364.850843,C,IN ,5,78,4,42410901
1773510364.851204,S,OUT,6,78,5,410901c0f4
1773510364.851641,C,IN ,5,78,4,42410901
1773510364.851921,S,OUT,6,78,5,410901c0f4
1773510364.852321,C,IN ,5,78,4,42410901
1773510364.852607,S,OUT,6,78,5,410901c0f4
1773510364.853013,C,IN ,5,78,4,42410901
1773510364.853305,S,OUT,6,78,5,410901c0f4
1773510364.853678,C,IN ,5,78,4,42410901
1773510364.853934,S,OUT,6,78,5,410901c0f4
1773510364.854342,C,IN ,5,78,4,42410901
1773510364.854608,S,OUT,6,78,5,410901c0f4
1773510364.855057,C,IN ,5,78,4,42410901
1773510364.855337,S,OUT,6,78,5,410901c0f4
1773510364.855707,C,IN ,5,78,4,42410901
1773510364.855999,S,OUT,6,78,5,410901c0f4
1773510364.856399,C,IN ,5,78,4,42410901
1773510364.856698,S,OUT,6,78,5,410901c0f4
1773510364.857051,C,IN ,5,78,4,42410901
1773510364.857330,S,OUT,6,78,5,410901c0f4
1773510364.857777,C,IN ,5,78,4,42410901
1773510364.858025,S,OUT,6,78,5,410901c0f4
1773510364.858492,C,IN ,5,78,4,42410901
1773510364.858765,S,OUT,6,78,5,410901c0f4
1773510364.859130,C,IN ,5,78,4,42410901
1773510364.859420,S,OUT,6,78,5,410901c0f4
1773510364.859829,C,IN ,5,78,4,42410901
1773510364.860141,S,OUT,6,78,5,410901c0f4
1773510364.860543,C,IN ,5,78,4,42410901
1773510364.860814,S,OUT,6,78,5,410901c0f4
1773510364.861213,C,IN ,5,78,4,42410901
1773510364.861502,S,OUT,6,78,5,410901c0f4
1773510364.861944,C,IN ,5,78,4,42410901
1773510364.862239,S,OUT,6,78,5,410901c0f4
1773510364.862635,C,IN ,5,78,4,42410901
1773510364.862892,S,OUT,6,78,5,410901c0f4
1773510364.863282,C,IN ,5,78,4,42410901
1773510364.863622,S,OUT,6,78,5,410901c0f4
1773510364.863993,C,IN ,5,78,4,42410901
1773510364.864254,S,OUT,6,78,5,410901c0f4
1773510364.864705,C,IN ,5,78,4,42410901
1773510364.865003,S,OUT,6,78,5,410901c0f4
1773510364.865432,C,IN ,5,78,4,42410901
1773510364.865684,S,OUT,6,78,5,410901c0f4
1773510364.866066,C,IN ,5,78,4,42410901
1773510364.866319,S,OUT,6,78,5,410901c0f4
1773510364.866867,C,IN ,5,78,4,42410901
1773510364.867144,S,OUT,6,78,5,410901c0f4
1773510364.867568,C,IN ,5,78,4,42410901
1773510364.867839,S,OUT,6,78,5,410901c0f4
1773510364.868217,C,IN ,5,78,4,42410901
1773510364.868564,S,OUT,6,78,5,410901c0f4
1773510364.868958,C,IN ,5,78,4,42410901
1773510364.869227,S,OUT,6,78,5,410901c0f4
1773510364.869646,C,IN ,5,78,4,42410901
1773510364.869906,S,OUT,6,78,5,410901c0f4
1773510364.870290,C,IN ,5,78,4,42410901
1773510364.870545,S,OUT,6,78,5,410901c0f4
1773510364.870941,C,IN ,5,78,4,42410901
1773510364.871197,S,OUT,6,78,5,410901c0f4
1773510364.871657,C,IN ,5,78,4,42410901
1773510364.871931,S,OUT,6,78,5,410901c0f4
1773510364.872309,C,IN ,5,78,4,42410901
1773510364.872565,S,OUT,6,78,5,410901c0f4
1773510364.872941,C,IN ,5,78,4,42410901
1773510364.873268,S,OUT,6,78,5,410901c0f4
1773510364.873705,C,IN ,5,78,4,42410901
1773510364.873959,S,OUT,6,78,5,410901c0f4
1773510364.874357,C,IN ,5,78,4,42410901
1773510364.874663,S,OUT,6,78,5,410901c0f4
1773510364.875192,C,IN ,5,78,4,42410901
1773510364.875531,S,OUT,6,78,5,410901c0f4
1773510364.875949,C,IN ,5,78,4,42410900
1773510364.876300,S,OUT,6,78,5,430901c0f2
1773510364.877110,C,IN ,5,78,34,44091ec0ff060300010000000000ff06090001aa00000000011204000562236e0102
1773510364.877463,S,OUT,6,78,3,064409
1773510365.482483,S,OUT,6,78,25,400915c000fe0000aa00000000000000000000000000000039
1773510365.483367,C,IN ,5,78,3,064009
1773510365.483747,S,OUT,6,78,5,410901c0f4
1773510365.484185,C,IN ,5,78,4,42410900
1773510365.484523,S,OUT,6,78,5,430901c0f2
1773510365.485182,C,IN ,5,78,27,440917c000fe0000aa000000000000fe020001aa00000000010087
1773510365.485517,S,OUT,6,78,3,064409
1773510365.825640,S,OUT,6,78,25,400915c000fe0000aa00000000000000000000000000000039
1773510365.826666,C,IN ,5,78,3,064009
1773510365.827030,S,OUT,6,78,5,410901c0f4
1773510365.827450,C,IN ,5,78,4,42410900
1773510365.827796,S,OUT,6,78,5,430901c0f2
1773510365.828536,C,IN ,5,78,27,440917c000fe0000aa000000000000fe020001aa00000000010087
1773510365.828841,S,OUT,6,78,3,064409
1773510365.861091,S,OUT,6,78,28,400918c0ff0603000100000000000000000000000000000022237d13
1773510365.862865,C,IN ,5,78,3,064009
1773510365.863418,S,OUT,6,78,5,410901c0f4
1773510365.865983,C,IN ,5,78,4,42410901
1773510365.866359,S,OUT,6,78,5,410901c0f4
1773510365.866851,C,IN ,5,78,4,42410901
1773510365.867168,S,OUT,6,78,5,410901c0f4
1773510365.867784,C,IN ,5,78,4,42410901
1773510365.868089,S,OUT,6,78,5,410901c0f4
1773510365.868521,C,IN ,5,78,4,42410901
1773510365.868789,S,OUT,6,78,5,410901c0f4
1773510365.869180,C,IN ,5,78,4,42410901
1773510365.869459,S,OUT,6,78,5,410901c0f4
1773510365.869857,C,IN ,5,78,4,42410901
1773510365.870137,S,OUT,6,78,5,410901c0f4
1773510365.870565,C,IN ,5,78,4,42410901
1773510365.870795,S,OUT,6,78,5,410901c0f4
1773510365.871197,C,IN ,5,78,4,42410901
1773510365.871454,S,OUT,6,78,5,410901c0f4
1773510365.871853,C,IN ,5,78,4,42410901
1773510365.872095,S,OUT,6,78,5,410901c0f4
1773510365.872529,C,IN ,5,78,4,42410901
1773510365.872789,S,OUT,6,78,5,410901c0f4
1773510365.873213,C,IN ,5,78,4,42410901
1773510365.873488,S,OUT,6,78,5,410901c0f4
1773510365.873861,C,IN ,5,78,4,42410901
1773510365.874099,S,OUT,6,78,5,410901c0f4
1773510365.874485,C,IN ,5,78,4,42410901
1773510365.874693,S,OUT,6,78,5,410901c0f4
1773510365.875060,C,IN ,5,78,4,42410901
1773510365.875281,S,OUT,6,78,5,410901c0f4
1773510365.875640,C,IN ,5,78,4,42410901
1773510365.875856,S,OUT,6,78,5,410901c0f4
1773510365.876208,C,IN ,5,78,4,42410901
1773510365.876434,S,OUT,6,78,5,410901c0f4
1773510365.876782,C,IN ,5,78,4,42410901
1773510365.877009,S,OUT,6,78,5,410901c0f4
1773510365.877424,C,IN ,5,78,4,42410901
1773510365.877679,S,OUT,6,78,5,410901c0f4
1773510365.878070,C,IN ,5,78,4,42410901
1773510365.878326,S,OUT,6,78,5,410901c0f4
1773510365.878731,C,IN ,5,78,4,42410901
1773510365.879064,S,OUT,6,78,5,410901c0f4
1773510365.879557,C,IN ,5,78,4,42410901
1773510365.879804,S,OUT,6,78,5,410901c0f4
1773510365.880136,C,IN ,5,78,4,42410901
1773510365.880399,S,OUT,6,78,5,410901c0f4
1773510365.880904,C,IN ,5,78,4,42410901
1773510365.881240,S,OUT,6,78,5,410901c0f4
1773510365.881678,C,IN ,5,78,4,42410901
1773510365.881986,S,OUT,6,78,5,410901c0f4
1773510365.882460,C,IN ,5,78,4,42410901
1773510365.882705,S,OUT,6,78,5,410901c0f4
1773510365.883096,C,IN ,5,78,4,42410901
1773510365.883374,S,OUT,6,78,5,410901c0f4
1773510365.883775,C,IN ,5,78,4,42410901
1773510365.884014,S,OUT,6,78,5,410901c0f4
1773510365.884442,C,IN ,5,78,4,42410901
1773510365.884677,S,OUT,6,78,5,410901c0f4
1773510365.885073,C,IN ,5,78,4,42410901
1773510365.885369,S,OUT,6,78,5,410901c0f4
1773510365.885750,C,IN ,5,78,4,42410901
1773510365.885985,S,OUT,6,78,5,410901c0f4
1773510365.886350,C,IN ,5,78,4,42410901
1773510365.886613,S,OUT,6,78,5,410901c0f4
1773510365.886977,C,IN ,5,78,4,42410901
1773510365.887212,S,OUT,6,78,5,410901c0f4
1773510365.887640,C,IN ,5,78,4,42410901
1773510365.887916,S,OUT,6,78,5,410901c0f4
1773510365.888273,C,IN ,5,78,4,42410901
1773510365.888509,S,OUT,6,78,5,410901c0f4
1773510365.888977,C,IN ,5,78,4,42410901
1773510365.889227,S,OUT,6,78,5,410901c0f4
1773510365.889620,C,IN ,5,78,4,42410901
1773510365.889844,S,OUT,6,78,5,410901c0f4
1773510365.890207,C,IN ,5,78,4,42410901
1773510365.890493,S,OUT,6,78,5,410901c0f4
1773510365.890830,C,IN ,5,78,4,42410901
1773510365.891427,S,OUT,6,78,5,410901c0f4
1773510365.891832,C,IN ,5,78,4,42410901
1773510365.892106,S,OUT,6,78,5,410901c0f4
1773510365.892530,C,IN ,5,78,4,42410901
1773510365.892839,S,OUT,6,78,5,410901c0f4
1773510365.893266,C,IN ,5,78,4,42410901
1773510365.893559,S,OUT,6,78,5,410901c0f4
1773510365.894102,C,IN ,5,78,4,42410901
1773510365.894354,S,OUT,6,78,5,410901c0f4
1773510365.894795,C,IN ,5,78,4,42410900
1773510365.895078,S,OUT,6,78,5,430901c0f2
1773510365.895884,C,IN ,5,78,34,44091ec0ff060300010000000000ff06090001aa00000000011204000562237d01f3
1773510365.896289,S,OUT,6,78,3,064409
1773510366.490672,S,OUT,6,78,25,400915c000fe0000aa00000000000000000000000000000039
1773510366.491663,C,IN ,5,78,3,064009
1773510366.492052,S,OUT,6,78,5,410901c0f4
1773510366.492441,C,IN ,5,78,4,42410900
1773510366.492720,S,OUT,6,78,5,430901c0f2
1773510366.493462,C,IN ,5,78,27,440917c000fe0000aa000000000000fe020001aa00000000010087
1773510366.493814,S,OUT,6,78,3,064409
1773510366.689700,S,OUT,6,78,25,400915c000fe0000aa00000000000000000000000000000039
1773510366.690672,C,IN ,5,78,3,064009
1773510366.691044,S,OUT,6,78,5,410901c0f4
1773510366.691469,C,IN ,5,78,4,42410900
1773510366.691850,S,OUT,6,78,5,430901c0f2
1773510366.692571,C,IN ,5,78,27,440917c000fe0000aa000000000000fe020001aa00000000010087
1773510366.692872,S,OUT,6,78,3,064409
1773510367.029355,S,OUT,6,78,25,400915c000fe0000aa00000000000000000000000000000039
1773510367.030318,C,IN ,5,78,3,064009
1773510367.030688,S,OUT,6,78,5,410901c0f4
1773510367.031102,C,IN ,5,78,4,42410900
1773510367.031531,S,OUT,6,78,5,430901c0f2
1773510367.032283,C,IN ,5,78,27,440917c000fe0000aa000000000000fe020001aa00000000010087
1773510367.032582,S,OUT,6,78,3,064409
1773510367.062639,S,OUT,6,78,28,400918c0ff0603000100000000000000000000000000000022238c04
1773510367.064302,C,IN ,5,78,3,064009
1773510367.064722,S,OUT,6,78,5,410901c0f4
1773510367.067570,C,IN ,5,78,4,42410901
1773510367.068027,S,OUT,6,78,5,410901c0f4
1773510367.068711,C,IN ,5,78,4,42410901
1773510367.069057,S,OUT,6,78,5,410901c0f4
1773510367.069635,C,IN ,5,78,4,42410901
1773510367.070197,S,OUT,6,78,5,410901c0f4
1773510367.070764,C,IN ,5,78,4,42410901
1773510367.071420,S,OUT,6,78,5,410901c0f4
1773510367.072018,C,IN ,5,78,4,42410901
1773510367.072330,S,OUT,6,78,5,410901c0f4
1773510367.072708,C,IN ,5,78,4,42410901
1773510367.073075,S,OUT,6,78,5,410901c0f4
1773510367.073514,C,IN ,5,78,4,42410901
1773510367.073934,S,OUT,6,78,5,410901c0f4
1773510367.074369,C,IN ,5,78,4,42410901
1773510367.074798,S,OUT,6,78,5,410901c0f4
1773510367.075449,C,IN ,5,78,4,42410901
1773510367.076131,S,OUT,6,78,5,410901c0f4
1773510367.078653,C,IN ,5,78,4,42410901
1773510367.079120,S,OUT,6,78,5,410901c0f4
1773510367.079739,C,IN ,5,78,4,42410901
1773510367.080081,S,OUT,6,78,5,410901c0f4
1773510367.080588,C,IN ,5,78,4,42410901
1773510367.080969,S,OUT,6,78,5,410901c0f4
1773510367.081575,C,IN ,5,78,4,42410901
1773510367.082641,S,OUT,6,78,5,410901c0f4
1773510367.083575,C,IN ,5,78,4,42410901
1773510367.084160,S,OUT,6,78,5,410901c0f4
1773510367.084700,C,IN ,5,78,4,42410901
1773510367.085012,S,OUT,6,78,5,410901c0f4
1773510367.085478,C,IN ,5,78,4,42410901
1773510367.085774,S,OUT,6,78,5,410901c0f4
1773510367.086205,C,IN ,5,78,4,42410901
1773510367.086498,S,OUT,6,78,5,410901c0f4
1773510367.086901,C,IN ,5,78,4,42410901
1773510367.087195,S,OUT,6,78,5,410901c0f4
1773510367.087672,C,IN ,5,78,4,42410901
1773510367.087958,S,OUT,6,78,5,410901c0f4
1773510367.088369,C,IN ,5,78,4,42410901
1773510367.088743,S,OUT,6,78,5,410901c0f4
1773510367.089118,C,IN ,5,78,4,42410901
1773510367.089469,S,OUT,6,78,5,410901c0f4
1773510367.089837,C,IN ,5,78,4,42410901
1773510367.090111,S,OUT,6,78,5,410901c0f4
1773510367.090526,C,IN ,5,78,4,42410901
1773510367.090797,S,OUT,6,78,5,410901c0f4
1773510367.091164,C,IN ,5,78,4,42410901
1773510367.091506,S,OUT,6,78,5,410901c0f4
1773510367.091866,C,IN ,5,78,4,42410901
1773510367.092210,S,OUT,6,78,5,410901c0f4
1773510367.092604,C,IN ,5,78,4,42410901
1773510367.092868,S,OUT,6,78,5,410901c0f4
1773510367.093584,C,IN ,5,78,4,42410901
1773510367.093867,S,OUT,6,78,5,410901c0f4
1773510367.094427,C,IN ,5,78,4,42410900
1773510367.094852,S,OUT,6,78,5,430901c0f2
1773510367.095669,C,IN ,5,78,34,44091ec0ff060300010000000000ff06090001aa00000000011204000562238c00e5
1773510367.095997,S,OUT,6,78,3,064409
1773510367.558685,S,OUT,6,78,25,400915c000fe0000aa00000000000000000000000000000039
1773510367.559682,C,IN ,5,78,3,064009
1773510367.560035,S,OUT,6,78,5,410901c0f4
1773510367.560423,C,IN ,5,78,4,42410900
1773510367.560686,S,OUT,6,78,5,430901c0f2
1773510367.561347,C,IN ,5,78,27,440917c000fe0000aa000000000000fe020001aa00000000010087
1773510367.561780,S,OUT,6,78,3,064409
1773510367.893031,S,OUT,6,78,25,400915c000fe0000aa00000000000000000000000000000039
1773510367.893964,C,IN ,5,78,3,064009
1773510367.894294,S,OUT,6,78,5,410901c0f4
1773510367.894748,C,IN ,5,78,4,42410900
1773510367.895009,S,OUT,6,78,5,430901c0f2
1773510367.895694,C,IN ,5,78,27,440917c000fe0000aa000000000000fe020001aa00000000010087
1773510367.895980,S,OUT,6,78,3,064409
1773510367.931162,S,OUT,6,78,28,400918c0ff0603000100000000000000000000000000000022239cf4
1773510367.932869,C,IN ,5,78,3,064009
1773510367.933298,S,OUT,6,78,5,410901c0f4
1773510367.936101,C,IN ,5,78,4,42410901
1773510367.936626,S,OUT,6,78,5,410901c0f4
1773510367.937191,C,IN ,5,78,4,42410901
1773510367.937650,S,OUT,6,78,5,410901c0f4
1773510367.938178,C,IN ,5,78,4,42410901
1773510367.938546,S,OUT,6,78,5,410901c0f4
1773510367.939055,C,IN ,5,78,4,42410901
1773510367.939477,S,OUT,6,78,5,410901c0f4
1773510367.939890,C,IN ,5,78,4,42410901
1773510367.940246,S,OUT,6,78,5,410901c0f4
1773510367.940804,C,IN ,5,78,4,42410901
1773510367.941186,S,OUT,6,78,5,410901c0f4
1773510367.941970,C,IN ,5,78,4,42410901
1773510367.942266,S,OUT,6,78,5,410901c0f4
1773510367.942701,C,IN ,5,78,4,42410901
1773510367.943032,S,OUT,6,78,5,410901c0f4
1773510367.943490,C,IN ,5,78,4,42410901
1773510367.943999,S,OUT,6,78,5,410901c0f4
1773510367.944588,C,IN ,5,78,4,42410901
1773510367.945104,S,OUT,6,78,5,410901c0f4
1773510367.945647,C,IN ,5,78,4,42410901
1773510367.945979,S,OUT,6,78,5,410901c0f4
1773510367.946369,C,IN ,5,78,4,42410901
1773510367.946635,S,OUT,6,78,5,410901c0f4
1773510367.947050,C,IN ,5,78,4,42410901
1773510367.947313,S,OUT,6,78,5,410901c0f4
1773510367.947723,C,IN ,5,78,4,42410901
1773510367.948005,S,OUT,6,78,5,410901c0f4
1773510367.948463,C,IN ,5,78,4,42410901
1773510367.948890,S,OUT,6,78,5,410901c0f4
1773510367.949365,C,IN ,5,78,4,42410901
1773510367.949786,S,OUT,6,78,5,410901c0f4
1773510367.950224,C,IN ,5,78,4,42410901
1773510367.950991,S,OUT,6,78,5,410901c0f4
1773510367.951454,C,IN ,5,78,4,42410901
1773510367.951905,S,OUT,6,78,5,410901c0f4
1773510367.952313,C,IN ,5,78,4,42410901
1773510367.952623,S,OUT,6,78,5,410901c0f4
1773510367.953050,C,IN ,5,78,4,42410901
1773510367.953325,S,OUT,6,78,5,410901c0f4
1773510367.953786,C,IN ,5,78,4,42410901
1773510367.954049,S,OUT,6,78,5,410901c0f4
1773510367.954454,C,IN ,5,78,4,42410901
1773510367.954729,S,OUT,6,78,5,410901c0f4
1773510367.955145,C,IN ,5,78,4,42410901
1773510367.955421,S,OUT,6,78,5,410901c0f4
1773510367.956143,C,IN ,5,78,4,42410901
1773510367.956500,S,OUT,6,78,5,410901c0f4
1773510367.957054,C,IN ,5,78,4,42410901
1773510367.957374,S,OUT,6,78,5,410901c0f4
1773510367.957913,C,IN ,5,78,4,42410901
1773510367.958387,S,OUT,6,78,5,410901c0f4
1773510367.959167,C,IN ,5,78,4,42410901
1773510367.959506,S,OUT,6,78,5,410901c0f4
1773510367.960550,C,IN ,5,78,4,42410901
1773510367.960965,S,OUT,6,78,5,410901c0f4
1773510367.961533,C,IN ,5,78,4,42410901
1773510367.962053,S,OUT,6,78,5,410901c0f4
1773510367.962426,C,IN ,5,78,4,42410901
1773510367.962719,S,OUT,6,78,5,410901c0f4
1773510367.963139,C,IN ,5,78,4,42410901
1773510367.963412,S,OUT,6,78,5,410901c0f4
1773510367.964178,C,IN ,5,78,4,42410901
1773510367.964531,S,OUT,6,78,5,410901c0f4
1773510367.965073,C,IN ,5,78,4,42410900
1773510367.965476,S,OUT,6,78,5,430901c0f2
1773510367.966304,C,IN ,5,78,34,44091ec0ff060300010000000000ff06090001aa00000000011204000562239c01d4
1773510367.966753,S,OUT,6,78,3,064409
1773510368.509885,S,OUT,6,78,25,400915c000fe0000aa00000000000000000000000000000039
1773510368.510807,C,IN ,5,78,3,064009
1773510368.511099,S,OUT,6,78,5,410901c0f4
1773510368.511530,C,IN ,5,78,4,42410900
1773510368.511799,S,OUT,6,78,5,430901c0f2
1773510368.512582,C,IN ,5,78,27,440917c000fe0000aa000000000000fe020001aa00000000010087
1773510368.512848,S,OUT,6,78,3,064409
1773510368.852629,S,OUT,6,78,25,400915c000fe0000aa00000000000000000000000000000039
1773510368.853603,C,IN ,5,78,3,064009
1773510368.854071,S,OUT,6,78,5,410901c0f4
1773510368.854448,C,IN ,5,78,4,42410900
1773510368.855048,S,OUT,6,78,5,430901c0f2
1773510368.855729,C,IN ,5,78,27,440917c000fe0000aa000000000000fe020001aa00000000010087
1773510368.856020,S,OUT,6,78,3,064409
1773510368.884641,S,OUT,6,78,28,400918c0ff060300010000000000000000000000000000002223a1ef
1773510368.886372,C,IN ,5,78,3,064009
1773510368.887193,S,OUT,6,78,5,410901c0f4
1773510368.889664,C,IN ,5,78,4,42410901
1773510368.890032,S,OUT,6,78,5,410901c0f4
1773510368.890749,C,IN ,5,78,4,42410901
1773510368.891175,S,OUT,6,78,5,410901c0f4
1773510368.891834,C,IN ,5,78,4,42410901
1773510368.892295,S,OUT,6,78,5,410901c0f4
1773510368.892743,C,IN ,5,78,4,42410901
1773510368.893046,S,OUT,6,78,5,410901c0f4
1773510368.893471,C,IN ,5,78,4,42410901
1773510368.893725,S,OUT,6,78,5,410901c0f4
1773510368.894110,C,IN ,5,78,4,42410901
1773510368.894468,S,OUT,6,78,5,410901c0f4
1773510368.894827,C,IN ,5,78,4,42410901
1773510368.895127,S,OUT,6,78,5,410901c0f4
1773510368.895492,C,IN ,5,78,4,42410901
1773510368.895748,S,OUT,6,78,5,410901c0f4
1773510368.896192,C,IN ,5,78,4,42410901
1773510368.896450,S,OUT,6,78,5,410901c0f4
1773510368.896848,C,IN ,5,78,4,42410901
1773510368.897183,S,OUT,6,78,5,410901c0f4
1773510368.897581,C,IN ,5,78,4,42410901
1773510368.897906,S,OUT,6,78,5,410901c0f4
1773510368.898445,C,IN ,5,78,4,42410901
1773510368.898773,S,OUT,6,78,5,410901c0f4
1773510368.899225,C,IN ,5,78,4,42410901
1773510368.899662,S,OUT,6,78,5,410901c0f4
1773510368.900087,C,IN ,5,78,4,42410901
1773510368.900344,S,OUT,6,78,5,410901c0f4
1773510368.900735,C,IN ,5,78,4,42410901
1773510368.901004,S,OUT,6,78,5,410901c0f4
1773510368.901417,C,IN ,5,78,4,42410901
1773510368.901677,S,OUT,6,78,5,410901c0f4
1773510368.902085,C,IN ,5,78,4,42410901
1773510368.902351,S,OUT,6,78,5,410901c0f4
1773510368.902705,C,IN ,5,78,4,42410901
1773510368.902966,S,OUT,6,78,5,410901c0f4
1773510368.903396,C,IN ,5,78,4,42410901
1773510368.903671,S,OUT,6,78,5,410901c0f4
1773510368.904130,C,IN ,5,78,4,42410901
1773510368.904489,S,OUT,6,78,5,410901c0f4
1773510368.905114,C,IN ,5,78,4,42410901
1773510368.905602,S,OUT,6,78,5,410901c0f4
1773510368.906399,C,IN ,5,78,4,42410901
1773510368.906817,S,OUT,6,78,5,410901c0f4
1773510368.907263,C,IN ,5,78,4,42410901
1773510368.907554,S,OUT,6,78,5,410901c0f4
1773510368.907986,C,IN ,5,78,4,42410901
1773510368.908307,S,OUT,6,78,5,410901c0f4
1773510368.908726,C,IN ,5,78,4,42410901
1773510368.909023,S,OUT,6,78,5,410901c0f4
1773510368.909472,C,IN ,5,78,4,42410901
1773510368.909739,S,OUT,6,78,5,410901c0f4
1773510368.910148,C,IN ,5,78,4,42410901
1773510368.910441,S,OUT,6,78,5,410901c0f4
1773510368.910910,C,IN ,5,78,4,42410901
1773510368.911190,S,OUT,6,78,5,410901c0f4
1773510368.911584,C,IN ,5,78,4,42410901
1773510368.911880,S,OUT,6,78,5,410901c0f4
1773510368.912316,C,IN ,5,78,4,42410901
1773510368.912572,S,OUT,6,78,5,410901c0f4
1773510368.912913,C,IN ,5,78,4,42410901
1773510368.913168,S,OUT,6,78,5,410901c0f4
1773510368.913751,C,IN ,5,78,4,42410901
1773510368.914085,S,OUT,6,78,5,410901c0f4
1773510368.914589,C,IN ,5,78,4,42410900
1773510368.915005,S,OUT,6,78,5,430901c0f2
1773510368.915832,C,IN ,5,78,34,44091ec0ff060300010000000000ff06090001aa0000000001120400056223a100d0
1773510368.916289,S,OUT,6,78,3,064409
1773510369.464885,S,OUT,6,78,25,400915c000fe0000aa00000000000000000000000000000039
1773510369.465749,C,IN ,5,78,3,064009
1773510369.466307,S,OUT,6,78,5,410901c0f4
1773510369.466760,C,IN ,5,78,4,42410900
1773510369.467106,S,OUT,6,78,5,430901c0f2
1773510369.467765,C,IN ,5,78,27,440917c000fe0000aa000000000000fe020001aa00000000010087
1773510369.468072,S,OUT,6,78,3,064409
1773510369.827761,S,OUT,6,78,25,400915c000fe0000aa00000000000000000000000000000039
1773510369.828647,C,IN ,5,78,3,064009
1773510369.829051,S,OUT,6,78,5,410901c0f4
1773510369.829498,C,IN ,5,78,4,42410900
1773510369.829822,S,OUT,6,78,5,430901c0f2
1773510369.830454,C,IN ,5,78,27,440917c000fe0000aa000000000000fe020001aa00000000010087
1773510369.830772,S,OUT,6,78,3,064409
1773510369.862023,S,OUT,6,78,28,400918c0ff060300010000000000000000000000000000002223a9e7
1773510369.863624,C,IN ,5,78,3,064009
1773510369.864076,S,OUT,6,78,5,410901c0f4
1773510369.866971,C,IN ,5,78,4,42410901
1773510369.867382,S,OUT,6,78,5,410901c0f4
1773510369.867950,C,IN ,5,78,4,42410901
1773510369.868354,S,OUT,6,78,5,410901c0f4
1773510369.868819,C,IN ,5,78,4,42410901
1773510369.869299,S,OUT,6,78,5,410901c0f4
1773510369.869937,C,IN ,5,78,4,42410901
1773510369.870318,S,OUT,6,78,5,410901c0f4
1773510369.870880,C,IN ,5,78,4,42410901
1773510369.871254,S,OUT,6,78,5,410901c0f4
1773510369.871653,C,IN ,5,78,4,42410901
1773510369.871925,S,OUT,6,78,5,410901c0f4
1773510369.872304,C,IN ,5,78,4,42410901
1773510369.872589,S,OUT,6,78,5,410901c0f4
1773510369.873022,C,IN ,5,78,4,42410901
1773510369.873317,S,OUT,6,78,5,410901c0f4
1773510369.873693,C,IN ,5,78,4,42410901
1773510369.873991,S,OUT,6,78,5,410901c0f4
1773510369.874467,C,IN ,5,78,4,42410901
1773510369.875046,S,OUT,6,78,5,410901c0f4
1773510369.875644,C,IN ,5,78,4,42410901
1773510369.876076,S,OUT,6,78,5,410901c0f4
1773510369.876587,C,IN ,5,78,4,42410901
1773510369.876965,S,OUT,6,78,5,410901c0f4
1773510369.877435,C,IN ,5,78,4,42410901
1773510369.877779,S,OUT,6,78,5,410901c0f4
1773510369.878200,C,IN ,5,78,4,42410901
1773510369.878503,S,OUT,6,78,5,410901c0f4
1773510369.878883,C,IN ,5,78,4,42410901
1773510369.879160,S,OUT,6,78,5,410901c0f4
1773510369.879559,C,IN ,5,78,4,42410901
1773510369.879844,S,OUT,6,78,5,410901c0f4
1773510369.880235,C,IN ,5,78,4,42410901
1773510369.880549,S,OUT,6,78,5,410901c0f4
1773510369.880968,C,IN ,5,78,4,42410901
1773510369.881250,S,OUT,6,78,5,410901c0f4
1773510369.881682,C,IN ,5,78,4,42410901
1773510369.882053,S,OUT,6,78,5,410901c0f4
1773510369.882495,C,IN ,5,78,4,42410901
1773510369.882810,S,OUT,6,78,5,410901c0f4
1773510369.883221,C,IN ,5,78,4,42410901
1773510369.883511,S,OUT,6,78,5,410901c0f4
1773510369.883877,C,IN ,5,78,4,42410901
1773510369.884123,S,OUT,6,78,5,410901c0f4
1773510369.884506,C,IN ,5,78,4,42410901
1773510369.885306,S,OUT,6,78,5,410901c0f4
1773510369.885701,C,IN ,5,78,4,42410901
1773510369.886006,S,OUT,6,78,5,410901c0f4
1773510369.886414,C,IN ,5,78,4,42410901
1773510369.886679,S,OUT,6,78,5,410901c0f4
1773510369.887120,C,IN ,5,78,4,42410901
1773510369.887367,S,OUT,6,78,5,410901c0f4
1773510369.887759,C,IN ,5,78,4,42410901
1773510369.888035,S,OUT,6,78,5,410901c0f4
1773510369.888457,C,IN ,5,78,4,42410901
1773510369.888726,S,OUT,6,78,5,410901c0f4
1773510369.889168,C,IN ,5,78,4,42410901
1773510369.889403,S,OUT,6,78,5,410901c0f4
1773510369.889768,C,IN ,5,78,4,42410901
1773510369.890158,S,OUT,6,78,5,410901c0f4
1773510369.890556,C,IN ,5,78,4,42410901
1773510369.890819,S,OUT,6,78,5,410901c0f4
1773510369.891273,C,IN ,5,78,4,42410901
1773510369.891547,S,OUT,6,78,5,410901c0f4
1773510369.891926,C,IN ,5,78,4,42410901
1773510369.892180,S,OUT,6,78,5,410901c0f4
1773510369.892564,C,IN ,5,78,4,42410901
1773510369.892855,S,OUT,6,78,5,410901c0f4
1773510369.893700,C,IN ,5,78,4,42410901
1773510369.893978,S,OUT,6,78,5,410901c0f4
1773510369.894417,C,IN ,5,78,4,42410900
1773510369.894683,S,OUT,6,78,5,430901c0f2
1773510369.895577,C,IN ,5,78,34,44091ec0ff060300010000000000ff06090001aa0000000001120400056223a900c8
1773510369.895885,S,OUT,6,78,3,064409
1773510370.476596,S,OUT,6,78,25,400915c000fe0000aa00000000000000000000000000000039
1773510370.477574,C,IN ,5,78,3,064009
1773510370.477879,S,OUT,6,78,5,410901c0f4
1773510370.478267,C,IN ,5,78,4,42410900
1773510370.478569,S,OUT,6,78,5,430901c0f2
1773510370.479284,C,IN ,5,78,27,440917c000fe0000aa000000000000fe020001aa00000000010087
1773510370.479727,S,OUT,6,78,3,064409
1773510370.816405,S,OUT,6,78,25,400915c000fe0000aa00000000000000000000000000000039
1773510370.817390,C,IN ,5,78,3,064009
1773510370.817680,S,OUT,6,78,5,410901c0f4
1773510370.818151,C,IN ,5,78,4,42410900
1773510370.818414,S,OUT,6,78,5,430901c0f2
1773510370.819168,C,IN ,5,78,27,440917c000fe0000aa000000000000fe020001aa00000000010087
1773510370.819415,S,OUT,6,78,3,064409
1773510370.844458,S,OUT,6,78,28,400918c0ff060300010000000000000000000000000000002223aee2
1773510370.846225,C,IN ,5,78,3,064009
1773510370.846600,S,OUT,6,78,5,410901c0f4
1773510370.849466,C,IN ,5,78,4,42410901
1773510370.849813,S,OUT,6,78,5,410901c0f4
1773510370.850383,C,IN ,5,78,4,42410901
1773510370.850740,S,OUT,6,78,5,410901c0f4
1773510370.851240,C,IN ,5,78,4,42410901
1773510370.851527,S,OUT,6,78,5,410901c0f4
1773510370.851929,C,IN ,5,78,4,42410901
1773510370.852183,S,OUT,6,78,5,410901c0f4
1773510370.852637,C,IN ,5,78,4,42410901
1773510370.852966,S,OUT,6,78,5,410901c0f4
1773510370.853358,C,IN ,5,78,4,42410901
1773510370.853637,S,OUT,6,78,5,410901c0f4
1773510370.854077,C,IN ,5,78,4,42410901
1773510370.854333,S,OUT,6,78,5,410901c0f4
1773510370.854713,C,IN ,5,78,4,42410901
1773510370.854963,S,OUT,6,78,5,410901c0f4
1773510370.855318,C,IN ,5,78,4,42410901
1773510370.855552,S,OUT,6,78,5,410901c0f4
1773510370.855986,C,IN ,5,78,4,42410901
1773510370.856283,S,OUT,6,78,5,410901c0f4
1773510370.856648,C,IN ,5,78,4,42410901
1773510370.856914,S,OUT,6,78,5,410901c0f4
1773510370.857466,C,IN ,5,78,4,42410901
1773510370.857864,S,OUT,6,78,5,410901c0f4
1773510370.858354,C,IN ,5,78,4,42410901
1773510370.858644,S,OUT,6,78,5,410901c0f4
1773510370.859152,C,IN ,5,78,4,42410901
1773510370.859601,S,OUT,6,78,5,410901c0f4
1773510370.860034,C,IN ,5,78,4,42410901
1773510370.860338,S,OUT,6,78,5,410901c0f4
1773510370.860702,C,IN ,5,78,4,42410901
1773510370.860959,S,OUT,6,78,5,410901c0f4
1773510370.861357,C,IN ,5,78,4,42410901
1773510370.861665,S,OUT,6,78,5,410901c0f4
1773510370.862154,C,IN ,5,78,4,42410901
1773510370.862405,S,OUT,6,78,5,410901c0f4
1773510370.862926,C,IN ,5,78,4,42410901
1773510370.863289,S,OUT,6,78,5,410901c0f4
1773510370.863783,C,IN ,5,78,4,42410901
1773510370.864086,S,OUT,6,78,5,410901c0f4
1773510370.864510,C,IN ,5,78,4,42410901
1773510370.864839,S,OUT,6,78,5,410901c0f4
1773510370.865281,C,IN ,5,78,4,42410901
1773510370.865612,S,OUT,6,78,5,410901c0f4
1773510370.866058,C,IN ,5,78,4,42410901
1773510370.866299,S,OUT,6,78,5,410901c0f4
1773510370.866620,C,IN ,5,78,4,42410901
1773510370.866841,S,OUT,6,78,5,410901c0f4
1773510370.867201,C,IN ,5,78,4,42410901
1773510370.867416,S,OUT,6,78,5,410901c0f4
1773510370.867790,C,IN ,5,78,4,42410901
1773510370.868051,S,OUT,6,78,5,410901c0f4
1773510370.868414,C,IN ,5,78,4,42410901
1773510370.868631,S,OUT,6,78,5,410901c0f4
1773510370.869041,C,IN ,5,78,4,42410901
1773510370.869259,S,OUT,6,78,5,410901c0f4
1773510370.869609,C,IN ,5,78,4,42410901
1773510370.869827,S,OUT,6,78,5,410901c0f4
1773510370.870202,C,IN ,5,78,4,42410901
1773510370.870457,S,OUT,6,78,5,410901c0f4
1773510370.870893,C,IN ,5,78,4,42410901
1773510370.871119,S,OUT,6,78,5,410901c0f4
1773510370.871465,C,IN ,5,78,4,42410901
1773510370.871696,S,OUT,6,78,5,410901c0f4
1773510370.872151,C,IN ,5,78,4,42410901
1773510370.872367,S,OUT,6,78,5,410901c0f4
1773510370.872733,C,IN ,5,78,4,42410901
1773510370.873536,S,OUT,6,78,5,410901c0f4
1773510370.874232,C,IN ,5,78,4,42410901
1773510370.874479,S,OUT,6,78,5,410901c0f4
1773510370.875029,C,IN ,5,78,4,42410900
1773510370.875286,S,OUT,6,78,5,430901c0f2
1773510370.876072,C,IN ,5,78,34,44091ec0ff060300010000000000ff06090001aa0000000001120400056223ae01c2
1773510370.876354,S,OUT,6,78,3,064409
1773510371.409028,S,OUT,6,78,25,400915c000fe0000aa00000000000000000000000000000039
1773510371.409993,C,IN ,5,78,3,064009
1773510371.410369,S,OUT,6,78,5,410901c0f4
1773510371.410787,C,IN ,5,78,4,42410900
1773510371.411477,S,OUT,6,78,5,430901c0f2
1773510371.412189,C,IN ,5,78,27,440917c000fe0000aa000000000000fe020001aa00000000010087
1773510371.412528,S,OUT,6,78,3,064409
1773510371.593609,S,OUT,6,78,25,400915c000fe0000aa00000000000000000000000000000039
1773510371.594584,C,IN ,5,78,3,064009
1773510371.594992,S,OUT,6,78,5,410901c0f4
1773510371.595410,C,IN ,5,78,4,42410900
1773510371.595719,S,OUT,6,78,5,430901c0f2
1773510371.596438,C,IN ,5,78,27,440917c000fe0000aa000000000000fe020001aa00000000010087
1773510371.596793,S,OUT,6,78,3,064409
1773510371.960673,S,OUT,6,78,25,400915c000fe0000aa00000000000000000000000000000039
1773510371.961706,C,IN ,5,78,3,064009
1773510371.962061,S,OUT,6,78,5,410901c0f4
1773510371.962504,C,IN ,5,78,4,42410900
1773510371.962899,S,OUT,6,78,5,430901c0f2
1773510371.963600,C,IN ,5,78,27,440917c000fe0000aa000000000000fe020001aa00000000010087
1773510371.963934,S,OUT,6,78,3,064409
1773510371.990950,S,OUT,6,78,28,400918c0ff060300010000000000000000000000000000002223bbd5
1773510371.992651,C,IN ,5,78,3,064009
1773510371.993070,S,OUT,6,78,5,410901c0f4
1773510371.995958,C,IN ,5,78,4,42410901
1773510371.996788,S,OUT,6,78,5,410901c0f4
1773510371.997554,C,IN ,5,78,4,42410901
1773510371.998059,S,OUT,6,78,5,410901c0f4
1773510371.998583,C,IN ,5,78,4,42410901
1773510371.998923,S,OUT,6,78,5,410901c0f4
1773510371.999428,C,IN ,5,78,4,42410901
1773510371.999794,S,OUT,6,78,5,410901c0f4
1773510372.000192,C,IN ,5,78,4,42410901
1773510372.000509,S,OUT,6,78,5,410901c0f4
1773510372.000930,C,IN ,5,78,4,42410901
1773510372.001237,S,OUT,6,78,5,410901c0f4
1773510372.001744,C,IN ,5,78,4,42410901
1773510372.002089,S,OUT,6,78,5,410901c0f4
1773510372.002508,C,IN ,5,78,4,42410901
1773510372.002823,S,OUT,6,78,5,410901c0f4
1773510372.003227,C,IN ,5,78,4,42410901
1773510372.003556,S,OUT,6,78,5,410901c0f4
1773510372.003940,C,IN ,5,78,4,42410901
1773510372.004219,S,OUT,6,78,5,410901c0f4
1773510372.004648,C,IN ,5,78,4,42410901
1773510372.005055,S,OUT,6,78,5,410901c0f4
1773510372.005503,C,IN ,5,78,4,42410901
1773510372.005894,S,OUT,6,78,5,410901c0f4
1773510372.006345,C,IN ,5,78,4,42410901
1773510372.007291,S,OUT,6,78,5,410901c0f4
1773510372.007727,C,IN ,5,78,4,42410901
1773510372.008023,S,OUT,6,78,5,410901c0f4
1773510372.008424,C,IN ,5,78,4,42410901
1773510372.008717,S,OUT,6,78,5,410901c0f4
1773510372.009075,C,IN ,5,78,4,42410901
1773510372.009355,S,OUT,6,78,5,410901c0f4
1773510372.009761,C,IN ,5,78,4,42410901
1773510372.010113,S,OUT,6,78,5,410901c0f4
1773510372.010511,C,IN ,5,78,4,42410901
1773510372.010758,S,OUT,6,78,5,410901c0f4
1773510372.011081,C,IN ,5,78,4,42410901
1773510372.011320,S,OUT,6,78,5,410901c0f4
1773510372.011729,C,IN ,5,78,4,42410901
1773510372.011985,S,OUT,6,78,5,410901c0f4
1773510372.012364,C,IN ,5,78,4,42410901
1773510372.012634,S,OUT,6,78,5,410901c0f4
1773510372.013017,C,IN ,5,78,4,42410901
1773510372.013287,S,OUT,6,78,5,410901c0f4
1773510372.013705,C,IN ,5,78,4,42410901
1773510372.014026,S,OUT,6,78,5,410901c0f4
1773510372.014466,C,IN ,5,78,4,42410901
1773510372.014778,S,OUT,6,78,5,410901c0f4
1773510372.015199,C,IN ,5,78,4,42410901
1773510372.015750,S,OUT,6,78,5,410901c0f4
1773510372.016208,C,IN ,5,78,4,42410901
1773510372.016496,S,OUT,6,78,5,410901c0f4
1773510372.016889,C,IN ,5,78,4,42410901
1773510372.017211,S,OUT,6,78,5,410901c0f4
1773510372.017634,C,IN ,5,78,4,42410901
1773510372.017898,S,OUT,6,78,5,410901c0f4
1773510372.018283,C,IN ,5,78,4,42410901
1773510372.018553,S,OUT,6,78,5,410901c0f4
1773510372.018901,C,IN ,5,78,4,42410901
1773510372.019203,S,OUT,6,78,5,410901c0f4
1773510372.019607,C,IN ,5,78,4,42410901
1773510372.019865,S,OUT,6,78,5,410901c0f4
1773510372.020226,C,IN ,5,78,4,42410901
1773510372.020472,S,OUT,6,78,5,410901c0f4
1773510372.020824,C,IN ,5,78,4,42410901
1773510372.021080,S,OUT,6,78,5,410901c0f4
1773510372.021428,C,IN ,5,78,4,42410901
1773510372.021676,S,OUT,6,78,5,410901c0f4
1773510372.022006,C,IN ,5,78,4,42410901
1773510372.022242,S,OUT,6,78,5,410901c0f4
1773510372.022637,C,IN ,5,78,4,42410901
1773510372.022863,S,OUT,6,78,5,410901c0f4
1773510372.023331,C,IN ,5,78,4,42410901
1773510372.023586,S,OUT,6,78,5,410901c0f4
1773510372.024235,C,IN ,5,78,4,42410901
1773510372.024557,S,OUT,6,78,5,410901c0f4
1773510372.024994,C,IN ,5,78,4,42410900
1773510372.025270,S,OUT,6,78,5,430901c0f2
1773510372.026101,C,IN ,5,78,34,44091ec0ff060300010000000000ff06090001aa0000000001120400056223bb00b6
1773510372.026394,S,OUT,6,78,3,064409
1773510372.471712,S,OUT,6,78,25,400915c000fe0000aa00000000000000000000000000000039
1773510372.472651,C,IN ,5,78,3,064009
1773510372.472937,S,OUT,6,78,5,410901c0f4
1773510372.473316,C,IN ,5,78,4,42410900
1773510372.473600,S,OUT,6,78,5,430901c0f2
1773510372.474274,C,IN ,5,78,27,440917c000fe0000aa000000000000fe020001aa00000000010087
1773510372.474619,S,OUT,6,78,3,064409
1773510372.811958,S,OUT,6,78,25,400915c000fe0000aa00000000000000000000000000000039
1773510372.812906,C,IN ,5,78,3,064009
1773510372.813228,S,OUT,6,78,5,410901c0f4
1773510372.813663,C,IN ,5,78,4,42410900
1773510372.813959,S,OUT,6,78,5,430901c0f2
1773510372.814672,C,IN ,5,78,27,440917c000fe0000aa000000000000fe020001aa00000000010087
1773510372.815022,S,OUT,6,78,3,064409
1773510372.843715,S,OUT,6,78,28,400918c0ff060300010000000000000000000000000000002223c4cc
1773510372.845363,C,IN ,5,78,3,064009
1773510372.845807,S,OUT,6,78,5,410901c0f4
1773510372.848990,C,IN ,5,78,4,42410901
1773510372.849436,S,OUT,6,78,5,410901c0f4
1773510372.849983,C,IN ,5,78,4,42410901
1773510372.850528,S,OUT,6,78,5,410901c0f4
1773510372.851095,C,IN ,5,78,4,42410901
1773510372.851437,S,OUT,6,78,5,410901c0f4
1773510372.851906,C,IN ,5,78,4,42410901
1773510372.852254,S,OUT,6,78,5,410901c0f4
1773510372.852709,C,IN ,5,78,4,42410901
1773510372.853099,S,OUT,6,78,5,410901c0f4
1773510372.853559,C,IN ,5,78,4,42410901
1773510372.853877,S,OUT,6,78,5,410901c0f4
1773510372.854384,C,IN ,5,78,4,42410901
1773510372.854820,S,OUT,6,78,5,410901c0f4
1773510372.855228,C,IN ,5,78,4,42410901
1773510372.855480,S,OUT,6,78,5,410901c0f4
1773510372.855866,C,IN ,5,78,4,42410901
1773510372.856210,S,OUT,6,78,5,410901c0f4
1773510372.856680,C,IN ,5,78,4,42410901
1773510372.857058,S,OUT,6,78,5,410901c0f4
1773510372.857468,C,IN ,5,78,4,42410901
1773510372.857739,S,OUT,6,78,5,410901c0f4
1773510372.858221,C,IN ,5,78,4,42410901
1773510372.858591,S,OUT,6,78,5,410901c0f4
1773510372.858981,C,IN ,5,78,4,42410901
1773510372.859218,S,OUT,6,78,5,410901c0f4
1773510372.859633,C,IN ,5,78,4,42410901
1773510372.859896,S,OUT,6,78,5,410901c0f4
1773510372.860291,C,IN ,5,78,4,42410901
1773510372.860585,S,OUT,6,78,5,410901c0f4
1773510372.860957,C,IN ,5,78,4,42410901
1773510372.861188,S,OUT,6,78,5,410901c0f4
1773510372.861531,C,IN ,5,78,4,42410901
1773510372.861800,S,OUT,6,78,5,410901c0f4
1773510372.862221,C,IN ,5,78,4,42410901
1773510372.862478,S,OUT,6,78,5,410901c0f4
1773510372.862912,C,IN ,5,78,4,42410901
1773510372.863167,S,OUT,6,78,5,410901c0f4
1773510372.863583,C,IN ,5,78,4,42410901
1773510372.863871,S,OUT,6,78,5,410901c0f4
1773510372.864311,C,IN ,5,78,4,42410901
1773510372.864601,S,OUT,6,78,5,410901c0f4
1773510372.865024,C,IN ,5,78,4,42410901
1773510372.865313,S,OUT,6,78,5,410901c0f4
1773510372.865753,C,IN ,5,78,4,42410901
1773510372.866034,S,OUT,6,78,5,410901c0f4
1773510372.866384,C,IN ,5,78,4,42410901
1773510372.866624,S,OUT,6,78,5,410901c0f4
1773510372.866959,C,IN ,5,78,4,42410901
1773510372.867190,S,OUT,6,78,5,410901c0f4
1773510372.867518,C,IN ,5,78,4,42410901
1773510372.867751,S,OUT,6,78,5,410901c0f4
1773510372.868094,C,IN ,5,78,4,42410901
1773510372.868341,S,OUT,6,78,5,410901c0f4
1773510372.868720,C,IN ,5,78,4,42410901
1773510372.868960,S,OUT,6,78,5,410901c0f4
1773510372.869292,C,IN ,5,78,4,42410901
1773510372.869523,S,OUT,6,78,5,410901c0f4
1773510372.870052,C,IN ,5,78,4,42410901
1773510372.870261,S,OUT,6,78,5,410901c0f4
1773510372.870661,C,IN ,5,78,4,42410901
1773510372.870911,S,OUT,6,78,5,410901c0f4
1773510372.871292,C,IN ,5,78,4,42410901
1773510372.871535,S,OUT,6,78,5,410901c0f4
1773510372.871959,C,IN ,5,78,4,42410901
1773510372.872218,S,OUT,6,78,5,410901c0f4
1773510372.872568,C,IN ,5,78,4,42410901
1773510372.872799,S,OUT,6,78,5,410901c0f4
1773510372.873128,C,IN ,5,78,4,42410901
1773510372.873367,S,OUT,6,78,5,410901c0f4
1773510372.874040,C,IN ,5,78,4,42410901
1773510372.874298,S,OUT,6,78,5,410901c0f4
1773510372.874888,C,IN ,5,78,4,42410900
1773510372.875234,S,OUT,6,78,5,430901c0f2
1773510372.876049,C,IN ,5,78,34,44091ec0ff060300010000000000ff06090001aa0000000001120400056223c400ad
1773510372.876392,S,OUT,6,78,3,064409
1773510373.421958,S,OUT,6,78,25,400915c000fe0000aa00000000000000000000000000000039
1773510373.422983,C,IN ,5,78,3,064009
1773510373.423422,S,OUT,6,78,5,410901c0f4
1773510373.423887,C,IN ,5,78,4,42410900
1773510373.424177,S,OUT,6,78,5,430901c0f2
1773510373.424885,C,IN ,5,78,27,440917c000fe0000aa000000000000fe020001aa00000000010087
1773510373.425152,S,OUT,6,78,3,064409
1773510373.768743,S,OUT,6,78,25,400915c000fe0000aa00000000000000000000000000000039
1773510373.769708,C,IN ,5,78,3,064009
1773510373.770033,S,OUT,6,78,5,410901c0f4
1773510373.770429,C,IN ,5,78,4,42410900
1773510373.770674,S,OUT,6,78,5,430901c0f2
1773510373.771466,C,IN ,5,78,27,440917c000fe0000aa000000000000fe020001aa00000000010087
1773510373.771842,S,OUT,6,78,3,064409
1773510373.800250,S,OUT,6,78,28,400918c0ff060300010000000000000000000000000000002223c5cb
1773510373.801886,C,IN ,5,78,3,064009
1773510373.802291,S,OUT,6,78,5,410901c0f4
1773510373.805113,C,IN ,5,78,4,42410901
1773510373.805797,S,OUT,6,78,5,410901c0f4
1773510373.806989,C,IN ,5,78,4,42410901
1773510373.807643,S,OUT,6,78,5,410901c0f4
1773510373.809771,C,IN ,5,78,4,42410901
1773510373.810315,S,OUT,6,78,5,410901c0f4
1773510373.810719,C,IN ,5,78,4,42410901
1773510373.811131,S,OUT,6,78,5,410901c0f4
1773510373.811640,C,IN ,5,78,4,42410901
1773510373.811983,S,OUT,6,78,5,410901c0f4
1773510373.812417,C,IN ,5,78,4,42410901
1773510373.812792,S,OUT,6,78,5,410901c0f4
1773510373.813400,C,IN ,5,78,4,42410901
1773510373.813895,S,OUT,6,78,5,410901c0f4
1773510373.814588,C,IN ,5,78,4,42410901
1773510373.815135,S,OUT,6,78,5,410901c0f4
1773510373.815775,C,IN ,5,78,4,42410901
1773510373.816213,S,OUT,6,78,5,410901c0f4
1773510373.816828,C,IN ,5,78,4,42410901
1773510373.817162,S,OUT,6,78,5,410901c0f4
1773510373.817570,C,IN ,5,78,4,42410901
1773510373.817882,S,OUT,6,78,5,410901c0f4
1773510373.818339,C,IN ,5,78,4,42410901
1773510373.818642,S,OUT,6,78,5,410901c0f4
1773510373.819047,C,IN ,5,78,4,42410901
1773510373.819354,S,OUT,6,78,5,410901c0f4
1773510373.819746,C,IN ,5,78,4,42410901
1773510373.820035,S,OUT,6,78,5,410901c0f4
1773510373.820480,C,IN ,5,78,4,42410901
1773510373.820767,S,OUT,6,78,5,410901c0f4
1773510373.821146,C,IN ,5,78,4,42410901
1773510373.821727,S,OUT,6,78,5,410901c0f4
1773510373.822273,C,IN ,5,78,4,42410901
1773510373.822590,S,OUT,6,78,5,410901c0f4
1773510373.823045,C,IN ,5,78,4,42410901
1773510373.823344,S,OUT,6,78,5,410901c0f4
1773510373.823814,C,IN ,5,78,4,42410901
1773510373.824100,S,OUT,6,78,5,410901c0f4
1773510373.824561,C,IN ,5,78,4,42410901
1773510373.824838,S,OUT,6,78,5,410901c0f4
1773510373.825264,C,IN ,5,78,4,42410901
1773510373.825631,S,OUT,6,78,5,410901c0f4
1773510373.826263,C,IN ,5,78,4,42410901
1773510373.826807,S,OUT,6,78,5,410901c0f4
1773510373.827514,C,IN ,5,78,4,42410901
1773510373.828212,S,OUT,6,78,5,410901c0f4
1773510373.828646,C,IN ,5,78,4,42410901
1773510373.829004,S,OUT,6,78,5,410901c0f4
1773510373.829478,C,IN ,5,78,4,42410901
1773510373.829845,S,OUT,6,78,5,410901c0f4
1773510373.830378,C,IN ,5,78,4,42410901
1773510373.830750,S,OUT,6,78,5,410901c0f4
1773510373.831186,C,IN ,5,78,4,42410901
1773510373.831619,S,OUT,6,78,5,410901c0f4
1773510373.832284,C,IN ,5,78,4,42410901
1773510373.832924,S,OUT,6,78,5,410901c0f4
1773510373.833868,C,IN ,5,78,4,42410901
1773510373.834257,S,OUT,6,78,5,410901c0f4
1773510373.834764,C,IN ,5,78,4,42410900
1773510373.835137,S,OUT,6,78,5,430901c0f2
1773510373.835935,C,IN ,5,78,34,44091ec0ff060300010000000000ff06090001aa0000000001120400056223c500ac
1773510373.836336,S,OUT,6,78,3,064409
1773510374.461072,S,OUT,6,78,25,400915c000fe0000aa00000000000000000000000000000039
1773510374.462045,C,IN ,5,78,3,064009
1773510374.462411,S,OUT,6,78,5,410901c0f4
1773510374.462785,C,IN ,5,78,4,42410900
1773510374.463078,S,OUT,6,78,5,430901c0f2
1773510374.463786,C,IN ,5,78,27,440917c000fe0000aa000000000000fe020001aa00000000010087
1773510374.464046,S,OUT,6,78,3,064409
1773510374.801208,S,OUT,6,78,25,400915c000fe0000aa00000000000000000000000000000039
1773510374.802184,C,IN ,5,78,3,064009
1773510374.802619,S,OUT,6,78,5,410901c0f4
1773510374.803190,C,IN ,5,78,4,42410900
1773510374.803567,S,OUT,6,78,5,430901c0f2
1773510374.804347,C,IN ,5,78,27,440917c000fe0000aa000000000000fe020001aa00000000010087
1773510374.804602,S,OUT,6,78,3,064409
1773510374.835153,S,OUT,6,78,28,400918c0ff060300010000000000000000000000000000002223dfb1
1773510374.836821,C,IN ,5,78,3,064009
1773510374.837090,S,OUT,6,78,5,410901c0f4
1773510374.840142,C,IN ,5,78,4,42410901
1773510374.840422,S,OUT,6,78,5,410901c0f4
1773510374.840963,C,IN ,5,78,4,42410901
1773510374.841419,S,OUT,6,78,5,410901c0f4
1773510374.841859,C,IN ,5,78,4,42410901
1773510374.842274,S,OUT,6,78,5,410901c0f4
1773510374.842849,C,IN ,5,78,4,42410901
1773510374.843249,S,OUT,6,78,5,410901c0f4
1773510374.843780,C,IN ,5,78,4,42410901
1773510374.844156,S,OUT,6,78,5,410901c0f4
1773510374.844664,C,IN ,5,78,4,42410901
1773510374.845006,S,OUT,6,78,5,410901c0f4
1773510374.845420,C,IN ,5,78,4,42410901
1773510374.845677,S,OUT,6,78,5,410901c0f4
1773510374.846067,C,IN ,5,78,4,42410901
1773510374.846293,S,OUT,6,78,5,410901c0f4
1773510374.846636,C,IN ,5,78,4,42410901
1773510374.846861,S,OUT,6,78,5,410901c0f4
1773510374.847201,C,IN ,5,78,4,42410901
1773510374.847512,S,OUT,6,78,5,410901c0f4
1773510374.847922,C,IN ,5,78,4,42410901
1773510374.848217,S,OUT,6,78,5,410901c0f4
1773510374.848676,C,IN ,5,78,4,42410901
1773510374.849150,S,OUT,6,78,5,410901c0f4
1773510374.849555,C,IN ,5,78,4,42410901
1773510374.849863,S,OUT,6,78,5,410901c0f4
1773510374.850293,C,IN ,5,78,4,42410901
1773510374.850553,S,OUT,6,78,5,410901c0f4
1773510374.851128,C,IN ,5,78,4,42410901
1773510374.851435,S,OUT,6,78,5,410901c0f4
1773510374.851872,C,IN ,5,78,4,42410901
1773510374.852205,S,OUT,6,78,5,410901c0f4
1773510374.852639,C,IN ,5,78,4,42410901
1773510374.852998,S,OUT,6,78,5,410901c0f4
1773510374.853473,C,IN ,5,78,4,42410901
1773510374.853834,S,OUT,6,78,5,410901c0f4
1773510374.854403,C,IN ,5,78,4,42410901
1773510374.854757,S,OUT,6,78,5,410901c0f4
1773510374.855306,C,IN ,5,78,4,42410901
1773510374.855700,S,OUT,6,78,5,410901c0f4
1773510374.856096,C,IN ,5,78,4,42410901
1773510374.856369,S,OUT,6,78,5,410901c0f4
1773510374.856754,C,IN ,5,78,4,42410901
1773510374.857010,S,OUT,6,78,5,410901c0f4
1773510374.857398,C,IN ,5,78,4,42410901
1773510374.857663,S,OUT,6,78,5,410901c0f4
1773510374.858133,C,IN ,5,78,4,42410901
1773510374.858465,S,OUT,6,78,5,410901c0f4
1773510374.858883,C,IN ,5,78,4,42410901
1773510374.859170,S,OUT,6,78,5,410901c0f4
1773510374.859586,C,IN ,5,78,4,42410901
1773510374.859936,S,OUT,6,78,5,410901c0f4
1773510374.860482,C,IN ,5,78,4,42410901
1773510374.860862,S,OUT,6,78,5,410901c0f4
1773510374.861418,C,IN ,5,78,4,42410901
1773510374.861883,S,OUT,6,78,5,410901c0f4
1773510374.862380,C,IN ,5,78,4,42410901
1773510374.862874,S,OUT,6,78,5,410901c0f4
1773510374.863524,C,IN ,5,78,4,42410901
1773510374.863994,S,OUT,6,78,5,410901c0f4
1773510374.864608,C,IN ,5,78,4,42410900
1773510374.865031,S,OUT,6,78,5,430901c0f2
1773510374.865792,C,IN ,5,78,34,44091ec0ff060300010000000000ff06090001aa0000000001120400056223df0092
1773510374.866087,S,OUT,6,78,3,064409
1773510375.448627,S,OUT,6,78,25,400915c000fe0000aa00000000000000000000000000000039
1773510375.449564,C,IN ,5,78,3,064009
1773510375.449899,S,OUT,6,78,5,410901c0f4
1773510375.450361,C,IN ,5,78,4,42410900
1773510375.450640,S,OUT,6,78,5,430901c0f2
1773510375.451377,C,IN ,5,78,27,440917c000fe0000aa000000000000fe020001aa00000000010087
1773510375.451726,S,OUT,6,78,3,064409
1773510375.792915,S,OUT,6,78,25,400915c000fe0000aa00000000000000000000000000000039
1773510375.793846,C,IN ,5,78,3,064009
1773510375.794236,S,OUT,6,78,5,410901c0f4
1773510375.794676,C,IN ,5,78,4,42410900
1773510375.795019,S,OUT,6,78,5,430901c0f2
1773510375.795720,C,IN ,5,78,27,440917c000fe0000aa000000000000fe020001aa00000000010087
1773510375.796063,S,OUT,6,78,3,064409
1773510375.835472,S,OUT,6,78,28,400918c0ff060300010000000000000000000000000000002223e2ae
1773510375.837132,C,IN ,5,78,3,064009
1773510375.837589,S,OUT,6,78,5,410901c0f4
1773510375.840664,C,IN ,5,78,4,42410901
1773510375.841308,S,OUT,6,78,5,410901c0f4
1773510375.841808,C,IN ,5,78,4,42410901
1773510375.842183,S,OUT,6,78,5,410901c0f4
1773510375.842631,C,IN ,5,78,4,42410901
1773510375.843336,S,OUT,6,78,5,410901c0f4
1773510375.843773,C,IN ,5,78,4,42410901
1773510375.844445,S,OUT,6,78,5,410901c0f4
1773510375.845033,C,IN ,5,78,4,42410901
1773510375.845597,S,OUT,6,78,5,410901c0f4
1773510375.846222,C,IN ,5,78,4,42410901
1773510375.846686,S,OUT,6,78,5,410901c0f4
1773510375.847214,C,IN ,5,78,4,42410901
1773510375.847544,S,OUT,6,78,5,410901c0f4
1773510375.847966,C,IN ,5,78,4,42410901
1773510375.848330,S,OUT,6,78,5,410901c0f4
1773510375.848812,C,IN ,5,78,4,42410901
1773510375.849105,S,OUT,6,78,5,410901c0f4
1773510375.849700,C,IN ,5,78,4,42410901
1773510375.850134,S,OUT,6,78,5,410901c0f4
1773510375.850585,C,IN ,5,78,4,42410901
1773510375.850907,S,OUT,6,78,5,410901c0f4
1773510375.851351,C,IN ,5,78,4,42410901
1773510375.851688,S,OUT,6,78,5,410901c0f4
1773510375.852086,C,IN ,5,78,4,42410901
1773510375.852406,S,OUT,6,78,5,410901c0f4
1773510375.852822,C,IN ,5,78,4,42410901
1773510375.853169,S,OUT,6,78,5,410901c0f4
1773510375.853680,C,IN ,5,78,4,42410901
1773510375.854005,S,OUT,6,78,5,410901c0f4
1773510375.854456,C,IN ,5,78,4,42410901
1773510375.854786,S,OUT,6,78,5,410901c0f4
1773510375.855226,C,IN ,5,78,4,42410901
1773510375.855583,S,OUT,6,78,5,410901c0f4
1773510375.856103,C,IN ,5,78,4,42410901
1773510375.856407,S,OUT,6,78,5,410901c0f4
1773510375.856786,C,IN ,5,78,4,42410901
1773510375.857065,S,OUT,6,78,5,410901c0f4
1773510375.857476,C,IN ,5,78,4,42410901
1773510375.857756,S,OUT,6,78,5,410901c0f4
1773510375.858137,C,IN ,5,78,4,42410901
1773510375.858599,S,OUT,6,78,5,410901c0f4
1773510375.859429,C,IN ,5,78,4,42410901
1773510375.860036,S,OUT,6,78,5,410901c0f4
1773510375.861000,C,IN ,5,78,4,42410901
1773510375.861445,S,OUT,6,78,5,410901c0f4
1773510375.861997,C,IN ,5,78,4,42410901
1773510375.862367,S,OUT,6,78,5,410901c0f4
1773510375.862836,C,IN ,5,78,4,42410901
1773510375.863141,S,OUT,6,78,5,410901c0f4
1773510375.863736,C,IN ,5,78,4,42410901
1773510375.864059,S,OUT,6,78,5,410901c0f4
1773510375.864577,C,IN ,5,78,4,42410900
1773510375.864872,S,OUT,6,78,5,430901c0f2
1773510375.865685,C,IN ,5,78,34,44091ec0ff060300010000000000ff06090001aa0000000001120400056223e2018e
1773510375.866359,S,OUT,6,78,3,064409
1773510376.421430,S,OUT,6,78,25,400915c000fe0000aa00000000000000000000000000000039
1773510376.422399,C,IN ,5,78,3,064009
1773510376.422754,S,OUT,6,78,5,410901c0f4
1773510376.423185,C,IN ,5,78,4,42410900
1773510376.423504,S,OUT,6,78,5,430901c0f2
1773510376.424245,C,IN ,5,78,27,440917c000fe0000aa000000000000fe020001aa00000000010087
1773510376.424634,S,OUT,6,78,3,064409
1773510376.778141,S,OUT,6,78,25,400915c000fe0000aa00000000000000000000000000000039
1773510376.779101,C,IN ,5,78,3,064009
1773510376.779515,S,OUT,6,78,5,410901c0f4
1773510376.779972,C,IN ,5,78,4,42410900
1773510376.780315,S,OUT,6,78,5,430901c0f2
1773510376.781102,C,IN ,5,78,27,440917c000fe0000aa000000000000fe020001aa00000000010087
1773510376.781428,S,OUT,6,78,3,064409
1773510376.809145,S,OUT,6,78,28,400918c0ff060300010000000000000000000000000000002223e8a8
1773510376.810762,C,IN ,5,78,3,064009
1773510376.811130,S,OUT,6,78,5,410901c0f4
1773510376.814367,C,IN ,5,78,4,42410901
1773510376.814890,S,OUT,6,78,5,410901c0f4
1773510376.815486,C,IN ,5,78,4,42410901
1773510376.815944,S,OUT,6,78,5,410901c0f4
1773510376.816511,C,IN ,5,78,4,42410901
1773510376.817129,S,OUT,6,78,5,410901c0f4
1773510376.817703,C,IN ,5,78,4,42410901
1773510376.818027,S,OUT,6,78,5,410901c0f4
1773510376.818451,C,IN ,5,78,4,42410901
1773510376.818728,S,OUT,6,78,5,410901c0f4
1773510376.819158,C,IN ,5,78,4,42410901
1773510376.819415,S,OUT,6,78,5,410901c0f4
1773510376.819800,C,IN ,5,78,4,42410901
1773510376.820083,S,OUT,6,78,5,410901c0f4
1773510376.820473,C,IN ,5,78,4,42410901
1773510376.820741,S,OUT,6,78,5,410901c0f4
1773510376.821135,C,IN ,5,78,4,42410901
1773510376.821435,S,OUT,6,78,5,410901c0f4
1773510376.821842,C,IN ,5,78,4,42410901
1773510376.822164,S,OUT,6,78,5,410901c0f4
1773510376.822542,C,IN ,5,78,4,42410901
1773510376.822791,S,OUT,6,78,5,410901c0f4
1773510376.823210,C,IN ,5,78,4,42410901
1773510376.823490,S,OUT,6,78,5,410901c0f4
1773510376.823873,C,IN ,5,78,4,42410901
1773510376.824159,S,OUT,6,78,5,410901c0f4
1773510376.824582,C,IN ,5,78,4,42410901
1773510376.824837,S,OUT,6,78,5,410901c0f4
1773510376.825287,C,IN ,5,78,4,42410901
1773510376.825540,S,OUT,6,78,5,410901c0f4
1773510376.825930,C,IN ,5,78,4,42410901
1773510376.826203,S,OUT,6,78,5,410901c0f4
1773510376.826592,C,IN ,5,78,4,42410901
1773510376.826846,S,OUT,6,78,5,410901c0f4
1773510376.827259,C,IN ,5,78,4,42410901
1773510376.827540,S,OUT,6,78,5,410901c0f4
1773510376.827917,C,IN ,5,78,4,42410901
1773510376.828282,S,OUT,6,78,5,410901c0f4
1773510376.828654,C,IN ,5,78,4,42410901
1773510376.828911,S,OUT,6,78,5,410901c0f4
1773510376.829361,C,IN ,5,78,4,42410901
1773510376.829716,S,OUT,6,78,5,410901c0f4
1773510376.830226,C,IN ,5,78,4,42410901
1773510376.830611,S,OUT,6,78,5,410901c0f4
1773510376.831131,C,IN ,5,78,4,42410901
1773510376.831545,S,OUT,6,78,5,410901c0f4
1773510376.832032,C,IN ,5,78,4,42410901
1773510376.832496,S,OUT,6,78,5,410901c0f4
1773510376.833067,C,IN ,5,78,4,42410901
1773510376.833364,S,OUT,6,78,5,410901c0f4
1773510376.833737,C,IN ,5,78,4,42410901
1773510376.834031,S,OUT,6,78,5,410901c0f4
1773510376.834401,C,IN ,5,78,4,42410901
1773510376.834699,S,OUT,6,78,5,410901c0f4
1773510376.835154,C,IN ,5,78,4,42410901
1773510376.835399,S,OUT,6,78,5,410901c0f4
1773510376.835781,C,IN ,5,78,4,42410901
1773510376.836011,S,OUT,6,78,5,410901c0f4
1773510376.836362,C,IN ,5,78,4,42410901
1773510376.836589,S,OUT,6,78,5,410901c0f4
1773510376.836936,C,IN ,5,78,4,42410901
1773510376.837161,S,OUT,6,78,5,410901c0f4
1773510376.837494,C,IN ,5,78,4,42410901
1773510376.837721,S,OUT,6,78,5,410901c0f4
1773510376.838136,C,IN ,5,78,4,42410901
1773510376.838457,S,OUT,6,78,5,410901c0f4
1773510376.838871,C,IN ,5,78,4,42410901
1773510376.839101,S,OUT,6,78,5,410901c0f4
1773510376.839502,C,IN ,5,78,4,42410901
1773510376.839847,S,OUT,6,78,5,410901c0f4
1773510376.840284,C,IN ,5,78,4,42410901
1773510376.840518,S,OUT,6,78,5,410901c0f4
1773510376.840927,C,IN ,5,78,4,42410901
1773510376.841175,S,OUT,6,78,5,410901c0f4
1773510376.841565,C,IN ,5,78,4,42410901
1773510376.841843,S,OUT,6,78,5,410901c0f4
1773510376.842267,C,IN ,5,78,4,42410901
1773510376.842532,S,OUT,6,78,5,410901c0f4
1773510376.842982,C,IN ,5,78,4,42410901
1773510376.843180,S,OUT,6,78,5,410901c0f4
1773510376.843796,C,IN ,5,78,4,42410901
1773510376.844009,S,OUT,6,78,5,410901c0f4
1773510376.844484,C,IN ,5,78,4,42410900
1773510376.844711,S,OUT,6,78,5,430901c0f2
1773510376.845536,C,IN ,5,78,34,44091ec0ff060300010000000000ff06090001aa0000000001120400056223e80188
1773510376.846007,S,OUT,6,78,3,064409
1773510377.309800,S,OUT,6,78,25,400915c000fe0000aa00000000000000000000000000000039
1773510377.310792,C,IN ,5,78,3,064009
1773510377.311163,S,OUT,6,78,5,410901c0f4
1773510377.311690,C,IN ,5,78,4,42410900
1773510377.312058,S,OUT,6,78,5,430901c0f2
1773510377.312788,C,IN ,5,78,27,440917c000fe0000aa000000000000fe020001aa00000000010087
1773510377.313061,S,OUT,6,78,3,064409
1773510377.649733,S,OUT,6,78,25,400915c000fe0000aa00000000000000000000000000000039
1773510377.650703,C,IN ,5,78,3,064009
1773510377.651068,S,OUT,6,78,5,410901c0f4
1773510377.651542,C,IN ,5,78,4,42410900
1773510377.651796,S,OUT,6,78,5,430901c0f2
1773510377.652528,C,IN ,5,78,27,440917c000fe0000aa000000000000fe020001aa00000000010087
1773510377.652810,S,OUT,6,78,3,064409
1773510377.679517,S,OUT,6,78,28,400918c0ff060300010000000000000000000000000000002223eea2
1773510377.681158,C,IN ,5,78,3,064009
1773510377.681621,S,OUT,6,78,5,410901c0f4
1773510377.684663,C,IN ,5,78,4,42410901
1773510377.685716,S,OUT,6,78,5,410901c0f4
1773510377.686435,C,IN ,5,78,4,42410901
1773510377.686904,S,OUT,6,78,5,410901c0f4
1773510377.687400,C,IN ,5,78,4,42410901
1773510377.687810,S,OUT,6,78,5,410901c0f4
1773510377.688211,C,IN ,5,78,4,42410901
1773510377.688497,S,OUT,6,78,5,410901c0f4
1773510377.688842,C,IN ,5,78,4,42410901
1773510377.689114,S,OUT,6,78,5,410901c0f4
1773510377.689557,C,IN ,5,78,4,42410901
1773510377.689807,S,OUT,6,78,5,410901c0f4
1773510377.690162,C,IN ,5,78,4,42410901
1773510377.690544,S,OUT,6,78,5,410901c0f4
1773510377.690945,C,IN ,5,78,4,42410901
1773510377.691258,S,OUT,6,78,5,410901c0f4
1773510377.691733,C,IN ,5,78,4,42410901
1773510377.692091,S,OUT,6,78,5,410901c0f4
1773510377.692613,C,IN ,5,78,4,42410901
1773510377.692922,S,OUT,6,78,5,410901c0f4
1773510377.693392,C,IN ,5,78,4,42410901
1773510377.693727,S,OUT,6,78,5,410901c0f4
1773510377.694118,C,IN ,5,78,4,42410901
1773510377.694367,S,OUT,6,78,5,410901c0f4
1773510377.694739,C,IN ,5,78,4,42410901
1773510377.694987,S,OUT,6,78,5,410901c0f4
1773510377.695436,C,IN ,5,78,4,42410901
1773510377.695671,S,OUT,6,78,5,410901c0f4
1773510377.696017,C,IN ,5,78,4,42410901
1773510377.696234,S,OUT,6,78,5,410901c0f4
1773510377.696592,C,IN ,5,78,4,42410901
1773510377.696837,S,OUT,6,78,5,410901c0f4
1773510377.697218,C,IN ,5,78,4,42410901
1773510377.697485,S,OUT,6,78,5,410901c0f4
1773510377.697946,C,IN ,5,78,4,42410901
1773510377.698345,S,OUT,6,78,5,410901c0f4
1773510377.698768,C,IN ,5,78,4,42410901
1773510377.699110,S,OUT,6,78,5,410901c0f4
1773510377.699567,C,IN ,5,78,4,42410901
1773510377.699863,S,OUT,6,78,5,410901c0f4
1773510377.700231,C,IN ,5,78,4,42410901
1773510377.700480,S,OUT,6,78,5,410901c0f4
1773510377.700854,C,IN ,5,78,4,42410901
1773510377.701101,S,OUT,6,78,5,410901c0f4
1773510377.701498,C,IN ,5,78,4,42410901
1773510377.701811,S,OUT,6,78,5,410901c0f4
1773510377.702189,C,IN ,5,78,4,42410901
1773510377.702438,S,OUT,6,78,5,410901c0f4
1773510377.702834,C,IN ,5,78,4,42410901
1773510377.703090,S,OUT,6,78,5,410901c0f4
1773510377.703528,C,IN ,5,78,4,42410901
1773510377.703757,S,OUT,6,78,5,410901c0f4
1773510377.704108,C,IN ,5,78,4,42410901
1773510377.704332,S,OUT,6,78,5,410901c0f4
1773510377.704732,C,IN ,5,78,4,42410901
1773510377.704977,S,OUT,6,78,5,410901c0f4
1773510377.705414,C,IN ,5,78,4,42410901
1773510377.705673,S,OUT,6,78,5,410901c0f4
1773510377.706130,C,IN ,5,78,4,42410901
1773510377.706376,S,OUT,6,78,5,410901c0f4
1773510377.706762,C,IN ,5,78,4,42410901
1773510377.706985,S,OUT,6,78,5,410901c0f4
1773510377.707392,C,IN ,5,78,4,42410901
1773510377.707604,S,OUT,6,78,5,410901c0f4
1773510377.707968,C,IN ,5,78,4,42410901
1773510377.708199,S,OUT,6,78,5,410901c0f4
1773510377.708605,C,IN ,5,78,4,42410901
1773510377.708901,S,OUT,6,78,5,410901c0f4
1773510377.709315,C,IN ,5,78,4,42410901
1773510377.709579,S,OUT,6,78,5,410901c0f4
1773510377.709946,C,IN ,5,78,4,42410901
1773510377.710221,S,OUT,6,78,5,410901c0f4
1773510377.710637,C,IN ,5,78,4,42410901
1773510377.710947,S,OUT,6,78,5,410901c0f4
1773510377.711391,C,IN ,5,78,4,42410901
1773510377.711718,S,OUT,6,78,5,410901c0f4
1773510377.712093,C,IN ,5,78,4,42410901
1773510377.712342,S,OUT,6,78,5,410901c0f4
1773510377.712809,C,IN ,5,78,4,42410901
1773510377.713106,S,OUT,6,78,5,410901c0f4
1773510377.713680,C,IN ,5,78,4,42410901
1773510377.713985,S,OUT,6,78,5,410901c0f4
1773510377.714514,C,IN ,5,78,4,42410900
1773510377.714772,S,OUT,6,78,5,430901c0f2
1773510377.715614,C,IN ,5,78,34,44091ec0ff060300010000000000ff06090001aa0000000001120400056223ee0083
1773510377.715928,S,OUT,6,78,3,064409
1773510378.167351,S,OUT,6,78,25,400915c000fe0000aa00000000000000000000000000000039
1773510378.168327,C,IN ,5,78,3,064009
1773510378.168666,S,OUT,6,78,5,410901c0f4
1773510378.169051,C,IN ,5,78,4,42410900
1773510378.169330,S,OUT,6,78,5,430901c0f2
1773510378.170015,C,IN ,5,78,27,440917c000fe0000aa000000000000fe020001aa00000000010087
1773510378.170417,S,OUT,6,78,3,064409
1773510378.334276,S,OUT,6,78,25,400915c000fe0000aa00000000000000000000000000000039
1773510378.335230,C,IN ,5,78,3,064009
1773510378.335589,S,OUT,6,78,5,410901c0f4
1773510378.335954,C,IN ,5,78,4,42410900
1773510378.336190,S,OUT,6,78,5,430901c0f2
1773510378.336900,C,IN ,5,78,27,440917c000fe0000aa000000000000fe020001aa00000000010087
1773510378.337170,S,OUT,6,78,3,064409
1773510378.518802,S,OUT,6,78,25,400915c000fe0000aa00000000000000000000000000000039
1773510378.519773,C,IN ,5,78,3,064009
1773510378.520092,S,OUT,6,78,5,410901c0f4
1773510378.520558,C,IN ,5,78,4,42410900
1773510378.520838,S,OUT,6,78,5,430901c0f2
1773510378.521588,C,IN ,5,78,27,440917c000fe0000aa000000000000fe020001aa00000000010087
1773510378.521882,S,OUT,6,78,3,064409
1773510378.682575,S,OUT,6,78,25,400915c000fe0000aa00000000000000000000000000000039
1773510378.683551,C,IN ,5,78,3,064009
1773510378.684363,S,OUT,6,78,5,410901c0f4
1773510378.684755,C,IN ,5,78,4,42410900
1773510378.685113,S,OUT,6,78,5,430901c0f2
1773510378.685759,C,IN ,5,78,27,440917c000fe0000aa000000000000fe020001aa00000000010087
1773510378.686063,S,OUT,6,78,3,064409
1773510379.025808,S,OUT,6,78,25,400915c000fe0000aa00000000000000000000000000000039
1773510379.026659,C,IN ,5,78,3,064009
1773510379.026981,S,OUT,6,78,5,410901c0f4
1773510379.027434,C,IN ,5,78,4,42410900
1773510379.027707,S,OUT,6,78,5,430901c0f2
1773510379.028450,C,IN ,5,78,27,440917c000fe0000aa000000000000fe020001aa00000000010087
1773510379.028719,S,OUT,6,78,3,064409
1773510379.055947,S,OUT,6,78,28,400918c0ff0603000100000000000000000000000000000022d508d6
1773510379.057570,C,IN ,5,78,3,064009
1773510379.058673,S,OUT,6,78,5,410901c0f4
1773510379.060835,C,IN ,5,78,4,42410901
1773510379.061303,S,OUT,6,78,5,410901c0f4
1773510379.061869,C,IN ,5,78,4,42410901
1773510379.062479,S,OUT,6,78,5,410901c0f4
1773510379.062996,C,IN ,5,78,4,42410901
1773510379.063601,S,OUT,6,78,5,410901c0f4
1773510379.064662,C,IN ,5,78,4,42410901
1773510379.065068,S,OUT,6,78,5,410901c0f4
1773510379.065458,C,IN ,5,78,4,42410901
1773510379.065813,S,OUT,6,78,5,410901c0f4
1773510379.066313,C,IN ,5,78,4,42410901
1773510379.066666,S,OUT,6,78,5,410901c0f4
1773510379.067119,C,IN ,5,78,4,42410901
1773510379.067422,S,OUT,6,78,5,410901c0f4
1773510379.067788,C,IN ,5,78,4,42410901
1773510379.068058,S,OUT,6,78,5,410901c0f4
1773510379.068455,C,IN ,5,78,4,42410901
1773510379.068798,S,OUT,6,78,5,410901c0f4
1773510379.069251,C,IN ,5,78,4,42410901
1773510379.069623,S,OUT,6,78,5,410901c0f4
1773510379.070188,C,IN ,5,78,4,42410901
1773510379.070530,S,OUT,6,78,5,410901c0f4
1773510379.070953,C,IN ,5,78,4,42410901
1773510379.071314,S,OUT,6,78,5,410901c0f4
1773510379.071825,C,IN ,5,78,4,42410901
1773510379.072088,S,OUT,6,78,5,410901c0f4
1773510379.072474,C,IN ,5,78,4,42410901
1773510379.072753,S,OUT,6,78,5,410901c0f4
1773510379.073181,C,IN ,5,78,4,42410901
1773510379.073426,S,OUT,6,78,5,410901c0f4
1773510379.073820,C,IN ,5,78,4,42410901
1773510379.074310,S,OUT,6,78,5,410901c0f4
1773510379.074689,C,IN ,5,78,4,42410901
1773510379.075006,S,OUT,6,78,5,410901c0f4
1773510379.075439,C,IN ,5,78,4,42410901
1773510379.075802,S,OUT,6,78,5,410901c0f4
1773510379.076257,C,IN ,5,78,4,42410901
1773510379.076542,S,OUT,6,78,5,410901c0f4
1773510379.076931,C,IN ,5,78,4,42410901
1773510379.077228,S,OUT,6,78,5,410901c0f4
1773510379.077609,C,IN ,5,78,4,42410901
1773510379.077875,S,OUT,6,78,5,410901c0f4
1773510379.078296,C,IN ,5,78,4,42410901
1773510379.078770,S,OUT,6,78,5,410901c0f4
1773510379.079446,C,IN ,5,78,4,42410901
1773510379.079837,S,OUT,6,78,5,410901c0f4
1773510379.080444,C,IN ,5,78,4,42410901
1773510379.080790,S,OUT,6,78,5,410901c0f4
1773510379.081252,C,IN ,5,78,4,42410901
1773510379.081705,S,OUT,6,78,5,410901c0f4
1773510379.082110,C,IN ,5,78,4,42410901
1773510379.082388,S,OUT,6,78,5,410901c0f4
1773510379.082756,C,IN ,5,78,4,42410901
1773510379.083026,S,OUT,6,78,5,410901c0f4
1773510379.083461,C,IN ,5,78,4,42410901
1773510379.083722,S,OUT,6,78,5,410901c0f4
1773510379.084436,C,IN ,5,78,4,42410901
1773510379.084695,S,OUT,6,78,5,410901c0f4
1773510379.085217,C,IN ,5,78,4,42410900
1773510379.085485,S,OUT,6,78,5,430901c0f2
1773510379.086305,C,IN ,5,78,34,44091ec0ff060300010000000000ff06090001aa00000000011204000562d50800b7
1773510379.086578,S,OUT,6,78,3,064409
1773510379.628819,S,OUT,6,78,25,400915c000fe0000aa00000000000000000000000000000039
1773510379.629688,C,IN ,5,78,3,064009
1773510379.630019,S,OUT,6,78,5,410901c0f4
1773510379.630454,C,IN ,5,78,4,42410900
1773510379.630822,S,OUT,6,78,5,430901c0f2
1773510379.631981,C,IN ,5,78,27,440917c000fe0000aa000000000000fe020001aa00000000010087
1773510379.632386,S,OUT,6,78,3,064409
1773510379.968034,S,OUT,6,78,25,400915c000fe0000aa00000000000000000000000000000039
1773510379.968996,C,IN ,5,78,3,064009
1773510379.969306,S,OUT,6,78,5,410901c0f4
1773510379.969732,C,IN ,5,78,4,42410900
1773510379.970064,S,OUT,6,78,5,430901c0f2
1773510379.970834,C,IN ,5,78,27,440917c000fe0000aa000000000000fe020001aa00000000010087
1773510379.971194,S,OUT,6,78,3,064409
1773510380.003907,S,OUT,6,78,28,400918c0ff0603000100000000000000000000000000000022d5ad31
1773510380.005608,C,IN ,5,78,3,064009
1773510380.006180,S,OUT,6,78,5,410901c0f4
1773510380.009122,C,IN ,5,78,4,42410901
1773510380.009780,S,OUT,6,78,5,410901c0f4
1773510380.010703,C,IN ,5,78,4,42410901
1773510380.011543,S,OUT,6,78,5,410901c0f4
1773510380.012640,C,IN ,5,78,4,42410901
1773510380.013945,S,OUT,6,78,5,410901c0f4
1773510380.015898,C,IN ,5,78,4,42410901
1773510380.016611,S,OUT,6,78,5,410901c0f4
1773510380.017378,C,IN ,5,78,4,42410901
1773510380.018088,S,OUT,6,78,5,410901c0f4
1773510380.019188,C,IN ,5,78,4,42410901
1773510380.020295,S,OUT,6,78,5,410901c0f4
1773510380.021219,C,IN ,5,78,4,42410901
1773510380.021817,S,OUT,6,78,5,410901c0f4
1773510380.022478,C,IN ,5,78,4,42410901
1773510380.023048,S,OUT,6,78,5,410901c0f4
1773510380.023892,C,IN ,5,78,4,42410901
1773510380.024459,S,OUT,6,78,5,410901c0f4
1773510380.025210,C,IN ,5,78,4,42410901
1773510380.025785,S,OUT,6,78,5,410901c0f4
1773510380.026499,C,IN ,5,78,4,42410901
1773510380.027069,S,OUT,6,78,5,410901c0f4
1773510380.027792,C,IN ,5,78,4,42410901
1773510380.028395,S,OUT,6,78,5,410901c0f4
1773510380.029191,C,IN ,5,78,4,42410901
1773510380.030012,S,OUT,6,78,5,410901c0f4
1773510380.031316,C,IN ,5,78,4,42410901
1773510380.032474,S,OUT,6,78,5,410901c0f4
1773510380.033326,C,IN ,5,78,4,42410901
1773510380.033917,S,OUT,6,78,5,410901c0f4
1773510380.034638,C,IN ,5,78,4,42410901
1773510380.035245,S,OUT,6,78,5,410901c0f4
1773510380.035880,C,IN ,5,78,4,42410900
1773510380.036540,S,OUT,6,78,5,430901c0f2
1773510380.037326,C,IN ,5,78,34,44091ec0ff060300010000000000ff06090001aa00000000011204000562d5ad0012
1773510380.037908,S,OUT,6,78,3,064409
1773510395.403173,S,OUT,6,78,25,400915c000fe0000aa00000000000000000000000000000039
1773510395.404161,C,IN ,5,78,3,064009
1773510395.404489,S,OUT,6,78,5,410901c0f4
1773510395.404854,C,IN ,5,78,4,42410900
1773510395.405143,S,OUT,6,78,5,430901c0f2
1773510395.405816,C,IN ,5,78,27,440917c000fe0000aa000000000000fe020001aa00000000010087
1773510395.406140,S,OUT,6,78,3,064409
1773510395.521100,S,OUT,6,78,25,400915c000fe0000aa00000000000000000000000000000039
1773510395.522075,C,IN ,5,78,3,064009
1773510395.522455,S,OUT,6,78,5,410901c0f4
1773510395.525317,C,IN ,5,78,4,42410900
1773510395.525718,S,OUT,6,78,5,430901c0f2
1773510395.526392,C,IN ,5,78,27,440917c000fe0000aa000000000000fe020001aa00000000010087
1773510395.527041,S,OUT,6,78,3,064409
1773510395.676745,S,OUT,6,78,25,400915c000fe0000aa00000000000000000000000000000039
1773510395.677735,C,IN ,5,78,3,064009
1773510395.678293,S,OUT,6,78,5,410901c0f4
1773510395.679104,C,IN ,5,78,4,42410900
1773510395.679822,S,OUT,6,78,5,430901c0f2
1773510395.680518,C,IN ,5,78,27,440917c000fe0000aa000000000000fe020001aa00000000010087
1773510395.680972,S,OUT,6,78,3,064409
1773510395.807305,S,OUT,6,78,25,400915c000fe0000aa00000000000000000000000000000039
1773510395.808392,C,IN ,5,78,3,064009
1773510395.809728,S,OUT,6,78,5,410901c0f4
1773510395.810196,C,IN ,5,78,4,42410900
1773510395.810483,S,OUT,6,78,5,430901c0f2
1773510395.811169,C,IN ,5,78,27,440917c000fe0000aa000000000000fe020001aa00000000010087
1773510395.811490,S,OUT,6,78,3,064409
1773510395.996310,S,OUT,6,78,25,400915c000fe0000aa00000000000000000000000000000039
1773510395.997265,C,IN ,5,78,3,064009
1773510395.997624,S,OUT,6,78,5,410901c0f4
1773510395.998093,C,IN ,5,78,4,42410900
1773510395.998499,S,OUT,6,78,5,430901c0f2
1773510395.999208,C,IN ,5,78,27,440917c000fe0000aa000000000000fe020001aa00000000010087
1773510395.999892,S,OUT,6,78,3,064409
1773510396.120004,S,OUT,6,78,25,400915c000fe0000aa00000000000000000000000000000039
1773510396.121018,C,IN ,5,78,3,064009
1773510396.121371,S,OUT,6,78,5,410901c0f4
1773510396.121824,C,IN ,5,78,4,42410900
1773510396.122126,S,OUT,6,78,5,430901c0f2
1773510396.122835,C,IN ,5,78,27,440917c000fe0000aa000000000000fe020001aa00000000010087
1773510396.123090,S,OUT,6,78,3,064409
1773510396.237667,S,OUT,6,78,25,400915c000fe0000aa00000000000000000000000000000039
1773510396.238581,C,IN ,5,78,3,064009
1773510396.238966,S,OUT,6,78,5,410901c0f4
1773510396.239473,C,IN ,5,78,4,42410900
1773510396.239893,S,OUT,6,78,5,430901c0f2
1773510396.240609,C,IN ,5,78,27,440917c000fe0000aa000000000000fe020001aa00000000010087
1773510396.240980,S,OUT,6,78,3,064409
1773510396.365114,S,OUT,6,78,25,400915c000fe0000aa00000000000000000000000000000039
1773510396.366055,C,IN ,5,78,3,064009
1773510396.366413,S,OUT,6,78,5,410901c0f4
1773510396.366861,C,IN ,5,78,4,42410900
1773510396.367147,S,OUT,6,78,5,430901c0f2
1773510396.367861,C,IN ,5,78,27,440917c000fe0000aa000000000000fe020001aa00000000010087
1773510396.368183,S,OUT,6,78,3,064409
1773510396.723017,S,OUT,6,78,25,400915c000fe0000aa00000000000000000000000000000039
1773510396.724037,C,IN ,5,78,3,064009
1773510396.724411,S,OUT,6,78,5,410901c0f4
1773510396.724844,C,IN ,5,78,4,42410900
1773510396.725114,S,OUT,6,78,5,430901c0f2
1773510396.725787,C,IN ,5,78,27,440917c000fe0000aa000000000000fe020001aa00000000010087
1773510396.726070,S,OUT,6,78,3,064409
1773510396.863807,S,OUT,6,78,25,400915c000fe0000aa00000000000000000000000000000039
1773510396.864792,C,IN ,5,78,3,064009
1773510396.866588,S,OUT,6,78,5,410901c0f4
1773510396.867307,C,IN ,5,78,4,42410900
1773510396.867635,S,OUT,6,78,5,430901c0f2
1773510396.868343,C,IN ,5,78,27,440917c000fe0000aa000000000000fe020001aa00000000010087
1773510396.868674,S,OUT,6,78,3,064409
1773510396.995153,S,OUT,6,78,25,400915c000fe0000aa00000000000000000000000000000039
1773510396.996071,C,IN ,5,78,3,064009
1773510396.996384,S,OUT,6,78,5,410901c0f4
1773510396.996867,C,IN ,5,78,4,42410900
1773510396.997163,S,OUT,6,78,5,430901c0f2
1773510396.997828,C,IN ,5,78,27,440917c000fe0000aa000000000000fe020001aa00000000010087
1773510396.998162,S,OUT,6,78,3,064409
1773510397.108476,S,OUT,6,78,25,400915c000fe0000aa00000000000000000000000000000039
1773510397.109354,C,IN ,5,78,3,064009
1773510397.109646,S,OUT,6,78,5,410901c0f4
1773510397.110053,C,IN ,5,78,4,42410900
1773510397.110420,S,OUT,6,78,5,430901c0f2
1773510397.111092,C,IN ,5,78,27,440917c000fe0000aa000000000000fe020001aa00000000010087
1773510397.111421,S,OUT,6,78,3,064409
1773510397.284309,S,OUT,6,78,25,400915c000fe0000aa00000000000000000000000000000039
1773510397.285205,C,IN ,5,78,3,064009
1773510397.285545,S,OUT,6,78,5,410901c0f4
1773510397.285927,C,IN ,5,78,4,42410900
1773510397.286207,S,OUT,6,78,5,430901c0f2
1773510397.286920,C,IN ,5,78,27,440917c000fe0000aa000000000000fe020001aa00000000010087
1773510397.287259,S,OUT,6,78,3,064409
1773510397.412007,S,OUT,6,78,25,400915c000fe0000aa00000000000000000000000000000039
1773510397.412942,C,IN ,5,78,3,064009
1773510397.413322,S,OUT,6,78,5,410901c0f4
1773510397.414300,C,IN ,5,78,4,42410900
1773510397.414627,S,OUT,6,78,5,430901c0f2
1773510397.415339,C,IN ,5,78,27,440917c000fe0000aa000000000000fe020001aa00000000010087
1773510397.415705,S,OUT,6,78,3,064409
1773510397.568922,S,OUT,6,78,25,400915c000fe0000aa00000000000000000000000000000039
1773510397.569911,C,IN ,5,78,3,064009
1773510397.570326,S,OUT,6,78,5,410901c0f4
1773510397.570842,C,IN ,5,78,4,42410900
1773510397.571268,S,OUT,6,78,5,430901c0f2
1773510397.571983,C,IN ,5,78,27,440917c000fe0000aa000000000000fe020001aa00000000010087
1773510397.572412,S,OUT,6,78,3,064409
1773510397.725858,S,OUT,6,78,25,400915c000fe0000aa00000000000000000000000000000039
1773510397.726838,C,IN ,5,78,3,064009
1773510397.727266,S,OUT,6,78,5,410901c0f4
1773510397.727747,C,IN ,5,78,4,42410900
1773510397.728533,S,OUT,6,78,5,430901c0f2
1773510397.729164,C,IN ,5,78,27,440917c000fe0000aa000000000000fe020001aa00000000010087
1773510397.729529,S,OUT,6,78,3,064409
1773510397.982000,S,OUT,6,78,25,400915c000fe0000aa00000000000000000000000000000039
1773510397.983226,C,IN ,5,78,3,064009
1773510397.983977,S,OUT,6,78,5,410901c0f4
1773510397.985112,C,IN ,5,78,4,42410900
1773510397.985993,S,OUT,6,78,5,430901c0f2
1773510397.989967,C,IN ,5,78,27,440917c000fe0000aa000000000000fe020001aa00000000010087
1773510397.990893,S,OUT,6,78,3,064409
1773510398.202844,S,OUT,6,78,25,400915c000fe0000aa00000000000000000000000000000039
1773510398.203721,C,IN ,5,78,3,064009
1773510398.204137,S,OUT,6,78,5,410901c0f4
1773510398.204680,C,IN ,5,78,4,42410900
1773510398.205279,S,OUT,6,78,5,430901c0f2
1773510398.206288,C,IN ,5,78,27,440917c000fe0000aa000000000000fe020001aa00000000010087
1773510398.206637,S,OUT,6,78,3,064409
1773510398.400456,S,OUT,6,78,25,400915c000fe0000aa00000000000000000000000000000039
1773510398.401378,C,IN ,5,78,3,064009
1773510398.401926,S,OUT,6,78,5,410901c0f4
1773510398.402624,C,IN ,5,78,4,42410900
1773510398.403897,S,OUT,6,78,5,430901c0f2
1773510398.404764,C,IN ,5,78,27,440917c000fe0000aa000000000000fe020001aa00000000010087
1773510398.405514,S,OUT,6,78,3,064409
1773510398.605631,S,OUT,6,78,25,400915c000fe0000aa00000000000000000000000000000039
1773510398.606590,C,IN ,5,78,3,064009
1773510398.607209,S,OUT,6,78,5,410901c0f4
1773510398.607786,C,IN ,5,78,4,42410900
1773510398.608340,S,OUT,6,78,5,430901c0f2
1773510398.611705,C,IN ,5,78,27,440917c000fe0000aa000000000000fe020001aa00000000010087
1773510398.612120,S,OUT,6,78,3,064409
1773510398.813375,S,OUT,6,78,25,400915c000fe0000aa00000000000000000000000000000039
1773510398.814297,C,IN ,5,78,3,064009
1773510398.814746,S,OUT,6,78,5,410901c0f4
1773510398.815101,C,IN ,5,78,4,42410900
1773510398.815441,S,OUT,6,78,5,430901c0f2
1773510398.816897,C,IN ,5,78,27,440917c000fe0000aa000000000000fe020001aa00000000010087
1773510398.817172,S,OUT,6,78,3,064409
1773510398.938193,S,OUT,6,78,25,400915c000fe0000aa00000000000000000000000000000039
1773510398.939171,C,IN ,5,78,3,064009
1773510398.939627,S,OUT,6,78,5,410901c0f4
1773510398.940151,C,IN ,5,78,4,42410900
1773510398.940420,S,OUT,6,78,5,430901c0f2
1773510398.941124,C,IN ,5,78,27,440917c000fe0000aa000000000000fe020001aa00000000010087
1773510398.941431,S,OUT,6,78,3,064409
1773510399.111757,S,OUT,6,78,25,400915c000fe0000aa00000000000000000000000000000039
1773510399.112750,C,IN ,5,78,3,064009
1773510399.113133,S,OUT,6,78,5,410901c0f4
1773510399.113516,C,IN ,5,78,4,42410900
1773510399.113790,S,OUT,6,78,5,430901c0f2
1773510399.114531,C,IN ,5,78,27,440917c000fe0000aa000000000000fe020001aa00000000010087
1773510399.114823,S,OUT,6,78,3,064409
1773510399.287137,S,OUT,6,78,25,400915c000fe0000aa00000000000000000000000000000039
1773510399.288017,C,IN ,5,78,3,064009
1773510399.288457,S,OUT,6,78,5,410901c0f4
1773510399.288848,C,IN ,5,78,4,42410900
1773510399.289179,S,OUT,6,78,5,430901c0f2
1773510399.289814,C,IN ,5,78,27,440917c000fe0000aa000000000000fe020001aa00000000010087
1773510399.290096,S,OUT,6,78,3,064409
1773510399.425507,S,OUT,6,78,25,400915c000fe0000aa00000000000000000000000000000039
1773510399.426475,C,IN ,5,78,3,064009
1773510399.426804,S,OUT,6,78,5,410901c0f4
1773510399.427165,C,IN ,5,78,4,42410900
1773510399.427420,S,OUT,6,78,5,430901c0f2
1773510399.428138,C,IN ,5,78,27,440917c000fe0000aa000000000000fe020001aa00000000010087
1773510399.428451,S,OUT,6,78,3,064409
1773510399.549883,S,OUT,6,78,25,400915c000fe0000aa00000000000000000000000000000039
1773510399.550860,C,IN ,5,78,3,064009
1773510399.551262,S,OUT,6,78,5,410901c0f4
1773510399.551721,C,IN ,5,78,4,42410900
1773510399.551991,S,OUT,6,78,5,430901c0f2
1773510399.552680,C,IN ,5,78,27,440917c000fe0000aa000000000000fe020001aa00000000010087
1773510399.553141,S,OUT,6,78,3,064409
1773510399.689519,S,OUT,6,78,25,400915c000fe0000aa00000000000000000000000000000039
1773510399.690514,C,IN ,5,78,3,064009
1773510399.690917,S,OUT,6,78,5,410901c0f4
1773510399.691355,C,IN ,5,78,4,42410900
1773510399.691704,S,OUT,6,78,5,430901c0f2
1773510399.692478,C,IN ,5,78,27,440917c000fe0000aa000000000000fe020001aa00000000010087
1773510399.692907,S,OUT,6,78,3,064409
1773510399.823237,S,OUT,6,78,25,400915c000fe0000aa00000000000000000000000000000039
1773510399.824202,C,IN ,5,78,3,064009
1773510399.824595,S,OUT,6,78,5,410901c0f4
1773510399.825041,C,IN ,5,78,4,42410900
1773510399.825331,S,OUT,6,78,5,430901c0f2
1773510399.826023,C,IN ,5,78,27,440917c000fe0000aa000000000000fe020001aa00000000010087
1773510399.826481,S,OUT,6,78,3,064409
1773510399.966862,S,OUT,6,78,25,400915c000fe0000aa00000000000000000000000000000039
1773510399.967828,C,IN ,5,78,3,064009
1773510399.968123,S,OUT,6,78,5,410901c0f4
1773510399.968553,C,IN ,5,78,4,42410900
1773510399.968842,S,OUT,6,78,5,430901c0f2
1773510399.969703,C,IN ,5,78,27,440917c000fe0000aa000000000000fe020001aa00000000010087
1773510399.970055,S,OUT,6,78,3,064409
1773510400.124233,S,OUT,6,78,25,400915c000fe0000aa00000000000000000000000000000039
1773510400.125172,C,IN ,5,78,3,064009
1773510400.125604,S,OUT,6,78,5,410901c0f4
1773510400.126080,C,IN ,5,78,4,42410900
1773510400.126376,S,OUT,6,78,5,430901c0f2
1773510400.127222,C,IN ,5,78,27,440917c000fe0000aa000000000000fe020001aa00000000010087
1773510400.127568,S,OUT,6,78,3,064409
1773510400.486518,S,OUT,6,78,25,400915c000fe0000aa00000000000000000000000000000039
1773510400.487492,C,IN ,5,78,3,064009
1773510400.487855,S,OUT,6,78,5,410901c0f4
1773510400.488297,C,IN ,5,78,4,42410900
1773510400.488664,S,OUT,6,78,5,430901c0f2
1773510400.489353,C,IN ,5,78,27,440917c000fe0000aa000000000000fe020001aa00000000010087
1773510400.489664,S,OUT,6,78,3,064409
1773510400.670535,S,OUT,6,78,25,400915c000fe0000aa00000000000000000000000000000039
1773510400.671469,C,IN ,5,78,3,064009
1773510400.671812,S,OUT,6,78,5,410901c0f4
1773510400.672211,C,IN ,5,78,4,42410900
1773510400.672547,S,OUT,6,78,5,430901c0f2
1773510400.673285,C,IN ,5,78,27,440917c000fe0000aa000000000000fe020001aa00000000010087
1773510400.673633,S,OUT,6,78,3,064409
1773510400.866895,S,OUT,6,78,25,400915c000fe0000aa00000000000000000000000000000039
1773510400.867844,C,IN ,5,78,3,064009
1773510400.868198,S,OUT,6,78,5,410901c0f4
1773510400.868550,C,IN ,5,78,4,42410900
1773510400.868809,S,OUT,6,78,5,430901c0f2
1773510400.869449,C,IN ,5,78,27,440917c000fe0000aa000000000000fe020001aa00000000010087
1773510400.869875,S,OUT,6,78,3,064409
1773510401.038870,S,OUT,6,78,25,400915c000fe0000aa00000000000000000000000000000039
1773510401.039864,C,IN ,5,78,3,064009
1773510401.040345,S,OUT,6,78,5,410901c0f4
1773510401.040981,C,IN ,5,78,4,42410900
1773510401.041308,S,OUT,6,78,5,430901c0f2
1773510401.041997,C,IN ,5,78,27,440917c000fe0000aa000000000000fe020001aa00000000010087
1773510401.042344,S,OUT,6,78,3,064409
1773510401.183126,S,OUT,6,78,25,400915c000fe0000aa00000000000000000000000000000039
1773510401.184072,C,IN ,5,78,3,064009
1773510401.184442,S,OUT,6,78,5,410901c0f4
1773510401.185067,C,IN ,5,78,4,42410900
1773510401.185398,S,OUT,6,78,5,430901c0f2
1773510401.186052,C,IN ,5,78,27,440917c000fe0000aa000000000000fe020001aa00000000010087
1773510401.186444,S,OUT,6,78,3,064409
1773510401.313737,S,OUT,6,78,25,400915c000fe0000aa00000000000000000000000000000039
1773510401.314700,C,IN ,5,78,3,064009
1773510401.315084,S,OUT,6,78,5,410901c0f4
1773510401.315524,C,IN ,5,78,4,42410900
1773510401.315836,S,OUT,6,78,5,430901c0f2
1773510401.316614,C,IN ,5,78,27,440917c000fe0000aa000000000000fe020001aa00000000010087
1773510401.316971,S,OUT,6,78,3,064409
1773510401.449610,S,OUT,6,78,25,400915c000fe0000aa00000000000000000000000000000039
1773510401.450539,C,IN ,5,78,3,064009
1773510401.450873,S,OUT,6,78,5,410901c0f4
1773510401.451335,C,IN ,5,78,4,42410900
1773510401.451677,S,OUT,6,78,5,430901c0f2
1773510401.452335,C,IN ,5,78,27,440917c000fe0000aa000000000000fe020001aa00000000010087
1773510401.452615,S,OUT,6,78,3,064409
1773510401.627862,S,OUT,6,78,25,400915c000fe0000aa00000000000000000000000000000039
1773510401.628816,C,IN ,5,78,3,064009
1773510401.629282,S,OUT,6,78,5,410901c0f4
1773510401.629849,C,IN ,5,78,4,42410900
1773510401.630162,S,OUT,6,78,5,430901c0f2
1773510401.630891,C,IN ,5,78,27,440917c000fe0000aa000000000000fe020001aa00000000010087
1773510401.631298,S,OUT,6,78,3,064409
1773510401.756157,S,OUT,6,78,25,400915c000fe0000aa00000000000000000000000000000039
1773510401.757070,C,IN ,5,78,3,064009
1773510401.757377,S,OUT,6,78,5,410901c0f4
1773510401.757776,C,IN ,5,78,4,42410900
1773510401.758108,S,OUT,6,78,5,430901c0f2
1773510401.758802,C,IN ,5,78,27,440917c000fe0000aa000000000000fe020001aa00000000010087
1773510401.759218,S,OUT,6,78,3,064409
1773510401.880044,S,OUT,6,78,25,400915c000fe0000aa00000000000000000000000000000039
1773510401.880991,C,IN ,5,78,3,064009
1773510401.881392,S,OUT,6,78,5,410901c0f4
1773510401.881911,C,IN ,5,78,4,42410900
1773510401.882303,S,OUT,6,78,5,430901c0f2
1773510401.883014,C,IN ,5,78,27,440917c000fe0000aa000000000000fe020001aa00000000010087
1773510401.883422,S,OUT,6,78,3,064409
1773510402.023921,S,OUT,6,78,25,400915c000fe0000aa00000000000000000000000000000039
1773510402.024873,C,IN ,5,78,3,064009
1773510402.025322,S,OUT,6,78,5,410901c0f4
1773510402.025879,C,IN ,5,78,4,42410900
1773510402.026291,S,OUT,6,78,5,430901c0f2
1773510402.027015,C,IN ,5,78,27,440917c000fe0000aa000000000000fe020001aa00000000010087
1773510402.027403,S,OUT,6,78,3,064409
1773510402.160762,S,OUT,6,78,25,400915c000fe0000aa00000000000000000000000000000039
1773510402.161780,C,IN ,5,78,3,064009
1773510402.162117,S,OUT,6,78,5,410901c0f4
1773510402.162515,C,IN ,5,78,4,42410900
1773510402.162838,S,OUT,6,78,5,430901c0f2
1773510402.163553,C,IN ,5,78,27,440917c000fe0000aa000000000000fe020001aa00000000010087
1773510402.163871,S,OUT,6,78,3,064409
1773510402.278905,S,OUT,6,78,25,400915c000fe0000aa00000000000000000000000000000039
1773510402.279892,C,IN ,5,78,3,064009
1773510402.280182,S,OUT,6,78,5,410901c0f4
1773510402.280611,C,IN ,5,78,4,42410900
1773510402.280903,S,OUT,6,78,5,430901c0f2
1773510402.281583,C,IN ,5,78,27,440917c000fe0000aa000000000000fe020001aa00000000010087
1773510402.281954,S,OUT,6,78,3,064409
1773510402.417699,S,OUT,6,78,25,400915c000fe0000aa00000000000000000000000000000039
1773510402.418693,C,IN ,5,78,3,064009
1773510402.419085,S,OUT,6,78,5,410901c0f4
1773510402.419551,C,IN ,5,78,4,42410900
1773510402.420018,S,OUT,6,78,5,430901c0f2
1773510402.420754,C,IN ,5,78,27,440917c000fe0000aa000000000000fe020001aa00000000010087
1773510402.421028,S,OUT,6,78,3,064409
1773510402.542804,S,OUT,6,78,25,400915c000fe0000aa00000000000000000000000000000039
1773510402.543794,C,IN ,5,78,3,064009
1773510402.544140,S,OUT,6,78,5,410901c0f4
1773510402.544727,C,IN ,5,78,4,42410900
1773510402.545059,S,OUT,6,78,5,430901c0f2
1773510402.545782,C,IN ,5,78,27,440917c000fe0000aa000000000000fe020001aa00000000010087
1773510402.546122,S,OUT,6,78,3,064409
1773510402.681588,S,OUT,6,78,25,400915c000fe0000aa00000000000000000000000000000039
1773510402.682565,C,IN ,5,78,3,064009
1773510402.682943,S,OUT,6,78,5,410901c0f4
1773510402.683449,C,IN ,5,78,4,42410900
1773510402.683740,S,OUT,6,78,5,430901c0f2
1773510402.684426,C,IN ,5,78,27,440917c000fe0000aa000000000000fe020001aa00000000010087
1773510402.684714,S,OUT,6,78,3,064409
1773510402.818728,S,OUT,6,78,25,400915c000fe0000aa00000000000000000000000000000039
1773510402.819702,C,IN ,5,78,3,064009
1773510402.820076,S,OUT,6,78,5,410901c0f4
1773510402.820485,C,IN ,5,78,4,42410900
1773510402.820799,S,OUT,6,78,5,430901c0f2
1773510402.821480,C,IN ,5,78,27,440917c000fe0000aa000000000000fe020001aa00000000010087
1773510402.821899,S,OUT,6,78,3,064409
1773510402.964102,S,OUT,6,78,25,400915c000fe0000aa00000000000000000000000000000039
1773510402.965025,C,IN ,5,78,3,064009
1773510402.965442,S,OUT,6,78,5,410901c0f4
1773510402.965842,C,IN ,5,78,4,42410900
1773510402.966167,S,OUT,6,78,5,430901c0f2
1773510402.966851,C,IN ,5,78,27,440917c000fe0000aa000000000000fe020001aa00000000010087
1773510402.967338,S,OUT,6,78,3,064409
1773510403.136434,S,OUT,6,78,25,400915c000fe0000aa00000000000000000000000000000039
1773510403.137378,C,IN ,5,78,3,064009
1773510403.137811,S,OUT,6,78,5,410901c0f4
1773510403.138424,C,IN ,5,78,4,42410900
1773510403.138765,S,OUT,6,78,5,430901c0f2
1773510403.139473,C,IN ,5,78,27,440917c000fe0000aa000000000000fe020001aa00000000010087
1773510403.139962,S,OUT,6,78,3,064409
1773510403.318810,S,OUT,6,78,25,400915c000fe0000aa00000000000000000000000000000039
1773510403.319713,C,IN ,5,78,3,064009
1773510403.320072,S,OUT,6,78,5,410901c0f4
1773510403.320468,C,IN ,5,78,4,42410900
1773510403.320796,S,OUT,6,78,5,430901c0f2
1773510403.321419,C,IN ,5,78,27,440917c000fe0000aa000000000000fe020001aa00000000010087
1773510403.321831,S,OUT,6,78,3,064409
1773510403.658039,S,OUT,6,78,25,400915c000fe0000aa00000000000000000000000000000039
1773510403.658988,C,IN ,5,78,3,064009
1773510403.659328,S,OUT,6,78,5,410901c0f4
1773510403.659786,C,IN ,5,78,4,42410900
1773510403.660513,S,OUT,6,78,5,430901c0f2
1773510403.661205,C,IN ,5,78,27,440917c000fe0000aa000000000000fe020001aa00000000010087
1773510403.661525,S,OUT,6,78,3,064409
1773510403.798855,S,OUT,6,78,25,400915c000fe0000aa00000000000000000000000000000039
1773510403.799833,C,IN ,5,78,3,064009
1773510403.800226,S,OUT,6,78,5,410901c0f4
1773510403.800687,C,IN ,5,78,4,42410900
1773510403.801093,S,OUT,6,78,5,430901c0f2
1773510403.801775,C,IN ,5,78,27,440917c000fe0000aa000000000000fe020001aa00000000010087
1773510403.802147,S,OUT,6,78,3,064409
1773510403.934159,S,OUT,6,78,25,400915c000fe0000aa00000000000000000000000000000039
1773510403.935132,C,IN ,5,78,3,064009
1773510403.935481,S,OUT,6,78,5,410901c0f4
1773510403.935902,C,IN ,5,78,4,42410900
1773510403.936201,S,OUT,6,78,5,430901c0f2
1773510403.936912,C,IN ,5,78,27,440917c000fe0000aa000000000000fe020001aa00000000010087
1773510403.937263,S,OUT,6,78,3,064409
1773510404.070752,S,OUT,6,78,25,400915c000fe0000aa00000000000000000000000000000039
1773510404.071756,C,IN ,5,78,3,064009
1773510404.072127,S,OUT,6,78,5,410901c0f4
1773510404.072625,C,IN ,5,78,4,42410900
1773510404.073014,S,OUT,6,78,5,430901c0f2
1773510404.073701,C,IN ,5,78,27,440917c000fe0000aa000000000000fe020001aa00000000010087
1773510404.074190,S,OUT,6,78,3,064409
1773510404.255079,S,OUT,6,78,25,400915c000fe0000aa00000000000000000000000000000039
1773510404.255998,C,IN ,5,78,3,064009
1773510404.256377,S,OUT,6,78,5,410901c0f4
1773510404.256767,C,IN ,5,78,4,42410900
1773510404.257028,S,OUT,6,78,5,430901c0f2
1773510404.257735,C,IN ,5,78,27,440917c000fe0000aa000000000000fe020001aa00000000010087
1773510404.258092,S,OUT,6,78,3,064409
1773510404.403649,S,OUT,6,78,25,400915c000fe0000aa00000000000000000000000000000039
1773510404.404659,C,IN ,5,78,3,064009
1773510404.405069,S,OUT,6,78,5,410901c0f4
1773510404.405621,C,IN ,5,78,4,42410900
1773510404.405957,S,OUT,6,78,5,430901c0f2
1773510404.406634,C,IN ,5,78,27,440917c000fe0000aa000000000000fe020001aa00000000010087
1773510404.407042,S,OUT,6,78,3,064409
1773510404.528349,S,OUT,6,78,25,400915c000fe0000aa00000000000000000000000000000039
1773510404.529324,C,IN ,5,78,3,064009
1773510404.529704,S,OUT,6,78,5,410901c0f4
1773510404.530141,C,IN ,5,78,4,42410900
1773510404.530441,S,OUT,6,78,5,430901c0f2
1773510404.531148,C,IN ,5,78,27,440917c000fe0000aa000000000000fe020001aa00000000010087
1773510404.531769,S,OUT,6,78,3,064409
1773510404.664768,S,OUT,6,78,25,400915c000fe0000aa00000000000000000000000000000039
1773510404.665783,C,IN ,5,78,3,064009
1773510404.666160,S,OUT,6,78,5,410901c0f4
1773510404.666671,C,IN ,5,78,4,42410900
1773510404.666987,S,OUT,6,78,5,430901c0f2
1773510404.667755,C,IN ,5,78,27,440917c000fe0000aa000000000000fe020001aa00000000010087
1773510404.668101,S,OUT,6,78,3,064409
1773510404.838868,S,OUT,6,78,25,400915c000fe0000aa00000000000000000000000000000039
1773510404.839786,C,IN ,5,78,3,064009
1773510404.840134,S,OUT,6,78,5,410901c0f4
1773510404.840511,C,IN ,5,78,4,42410900
1773510404.840840,S,OUT,6,78,5,430901c0f2
1773510404.841544,C,IN ,5,78,27,440917c000fe0000aa000000000000fe020001aa00000000010087
1773510404.841818,S,OUT,6,78,3,064409
1773510404.984136,S,OUT,6,78,25,400915c000fe0000aa00000000000000000000000000000039
1773510404.985106,C,IN ,5,78,3,064009
1773510404.985485,S,OUT,6,78,5,410901c0f4
1773510404.985921,C,IN ,5,78,4,42410900
1773510404.986311,S,OUT,6,78,5,430901c0f2
1773510404.986987,C,IN ,5,78,27,440917c000fe0000aa000000000000fe020001aa00000000010087
1773510404.987367,S,OUT,6,78,3,064409
1773510405.119427,S,OUT,6,78,25,400915c000fe0000aa00000000000000000000000000000039
1773510405.120422,C,IN ,5,78,3,064009
1773510405.120775,S,OUT,6,78,5,410901c0f4
1773510405.121161,C,IN ,5,78,4,42410900
1773510405.121487,S,OUT,6,78,5,430901c0f2
1773510405.122201,C,IN ,5,78,27,440917c000fe0000aa000000000000fe020001aa00000000010087
1773510405.122597,S,OUT,6,78,3,064409
1773510405.248688,S,OUT,6,78,25,400915c000fe0000aa00000000000000000000000000000039
1773510405.249649,C,IN ,5,78,3,064009
1773510405.249972,S,OUT,6,78,5,410901c0f4
1773510405.250467,C,IN ,5,78,4,42410900
1773510405.250737,S,OUT,6,78,5,430901c0f2
1773510405.251435,C,IN ,5,78,27,440917c000fe0000aa000000000000fe020001aa00000000010087
1773510405.251801,S,OUT,6,78,3,064409
1773510405.420146,S,OUT,6,78,25,400915c000fe0000aa00000000000000000000000000000039
1773510405.421034,C,IN ,5,78,3,064009
1773510405.421393,S,OUT,6,78,5,410901c0f4
1773510405.421781,C,IN ,5,78,4,42410900
1773510405.424564,S,OUT,6,78,5,430901c0f2
1773510405.425244,C,IN ,5,78,27,440917c000fe0000aa000000000000fe020001aa00000000010087
1773510405.425643,S,OUT,6,78,3,064409
1773510405.557949,S,OUT,6,78,25,400915c000fe0000aa00000000000000000000000000000039
1773510405.558886,C,IN ,5,78,3,064009
1773510405.559292,S,OUT,6,78,5,410901c0f4
1773510405.559710,C,IN ,5,78,4,42410900
1773510405.560048,S,OUT,6,78,5,430901c0f2
1773510405.560693,C,IN ,5,78,27,440917c000fe0000aa000000000000fe020001aa00000000010087
1773510405.561006,S,OUT,6,78,3,064409
1773510405.724011,S,OUT,6,78,25,400915c000fe0000aa00000000000000000000000000000039
1773510405.724990,C,IN ,5,78,3,064009
1773510405.725330,S,OUT,6,78,5,410901c0f4
1773510405.725830,C,IN ,5,78,4,42410900
1773510405.726154,S,OUT,6,78,5,430901c0f2
1773510405.726848,C,IN ,5,78,27,440917c000fe0000aa000000000000fe020001aa00000000010087
1773510405.727249,S,OUT,6,78,3,064409
1773510405.886341,S,OUT,6,78,25,400915c000fe0000aa00000000000000000000000000000039
1773510405.887237,C,IN ,5,78,3,064009
1773510405.887632,S,OUT,6,78,5,410901c0f4
1773510405.888094,C,IN ,5,78,4,42410900
1773510405.888440,S,OUT,6,78,5,430901c0f2
1773510405.889102,C,IN ,5,78,27,440917c000fe0000aa000000000000fe020001aa00000000010087
1773510405.889414,S,OUT,6,78,3,064409
1773510406.067266,S,OUT,6,78,25,400915c000fe0000aa00000000000000000000000000000039
1773510406.068194,C,IN ,5,78,3,064009
1773510406.068584,S,OUT,6,78,5,410901c0f4
1773510406.069059,C,IN ,5,78,4,42410900
1773510406.069415,S,OUT,6,78,5,430901c0f2
1773510406.070284,C,IN ,5,78,27,440917c000fe0000aa000000000000fe020001aa00000000010087
1773510406.070627,S,OUT,6,78,3,064409
1773510406.194038,S,OUT,6,78,25,400915c000fe0000aa00000000000000000000000000000039
1773510406.194963,C,IN ,5,78,3,064009
1773510406.195280,S,OUT,6,78,5,410901c0f4
1773510406.195692,C,IN ,5,78,4,42410900
1773510406.195979,S,OUT,6,78,5,430901c0f2
1773510406.196646,C,IN ,5,78,27,440917c000fe0000aa000000000000fe020001aa00000000010087
1773510406.197054,S,OUT,6,78,3,064409
1773510406.322830,S,OUT,6,78,25,400915c000fe0000aa00000000000000000000000000000039
1773510406.323747,C,IN ,5,78,3,064009
1773510406.324088,S,OUT,6,78,5,410901c0f4
1773510406.324602,C,IN ,5,78,4,42410900
1773510406.325125,S,OUT,6,78,5,430901c0f2
1773510406.325820,C,IN ,5,78,27,440917c000fe0000aa000000000000fe020001aa00000000010087
1773510406.326141,S,OUT,6,78,3,064409
1773510406.455975,S,OUT,6,78,25,400915c000fe0000aa00000000000000000000000000000039
1773510406.456956,C,IN ,5,78,3,064009
1773510406.457348,S,OUT,6,78,5,410901c0f4
1773510406.457958,C,IN ,5,78,4,42410900
1773510406.458274,S,OUT,6,78,5,430901c0f2
1773510406.458988,C,IN ,5,78,27,440917c000fe0000aa000000000000fe020001aa00000000010087
1773510406.459323,S,OUT,6,78,3,064409
1773510406.801277,S,OUT,6,78,25,400915c000fe0000aa00000000000000000000000000000039
1773510406.802275,C,IN ,5,78,3,064009
1773510406.802969,S,OUT,6,78,5,410901c0f4
1773510406.803707,C,IN ,5,78,4,42410900
1773510406.804320,S,OUT,6,78,5,430901c0f2
1773510406.805119,C,IN ,5,78,27,440917c000fe0000aa000000000000fe020001aa00000000010087
1773510406.805841,S,OUT,6,78,3,064409
1773510406.972964,S,OUT,6,78,25,400915c000fe0000aa00000000000000000000000000000039
1773510406.973959,C,IN ,5,78,3,064009
1773510406.974341,S,OUT,6,78,5,410901c0f4
1773510406.974778,C,IN ,5,78,4,42410900
1773510406.975098,S,OUT,6,78,5,430901c0f2
1773510406.975818,C,IN ,5,78,27,440917c000fe0000aa000000000000fe020001aa00000000010087
1773510406.976164,S,OUT,6,78,3,064409
1773510407.111474,S,OUT,6,78,25,400915c000fe0000aa00000000000000000000000000000039
1773510407.112378,C,IN ,5,78,3,064009
1773510407.112705,S,OUT,6,78,5,410901c0f4
1773510407.113144,C,IN ,5,78,4,42410900
1773510407.113498,S,OUT,6,78,5,430901c0f2
1773510407.114170,C,IN ,5,78,27,440917c000fe0000aa000000000000fe020001aa00000000010087
1773510407.114741,S,OUT,6,78,3,064409
1773510407.245769,S,OUT,6,78,25,400915c000fe0000aa00000000000000000000000000000039
1773510407.246711,C,IN ,5,78,3,064009
1773510407.247088,S,OUT,6,78,5,410901c0f4
1773510407.247490,C,IN ,5,78,4,42410900
1773510407.247780,S,OUT,6,78,5,430901c0f2
1773510407.248526,C,IN ,5,78,27,440917c000fe0000aa000000000000fe020001aa00000000010087
1773510407.248959,S,OUT,6,78,3,064409
1773510407.443185,S,OUT,6,78,25,400915c000fe0000aa00000000000000000000000000000039
1773510407.444131,C,IN ,5,78,3,064009
1773510407.444499,S,OUT,6,78,5,410901c0f4
1773510407.444996,C,IN ,5,78,4,42410900
1773510407.445304,S,OUT,6,78,5,430901c0f2
1773510407.445938,C,IN ,5,78,27,440917c000fe0000aa000000000000fe020001aa00000000010087
1773510407.446246,S,OUT,6,78,3,064409
1773510407.560726,S,OUT,6,78,25,400915c000fe0000aa00000000000000000000000000000039
1773510407.561692,C,IN ,5,78,3,064009
1773510407.562135,S,OUT,6,78,5,410901c0f4
1773510407.562767,C,IN ,5,78,4,42410900
1773510407.563281,S,OUT,6,78,5,430901c0f2
1773510407.564016,C,IN ,5,78,27,440917c000fe0000aa000000000000fe020001aa00000000010087
1773510407.564300,S,OUT,6,78,3,064409
1773510407.771043,S,OUT,6,78,25,400915c000fe0000aa00000000000000000000000000000039
1773510407.772051,C,IN ,5,78,3,064009
1773510407.772446,S,OUT,6,78,5,410901c0f4
1773510407.772982,C,IN ,5,78,4,42410900
1773510407.773331,S,OUT,6,78,5,430901c0f2
1773510407.774085,C,IN ,5,78,27,440917c000fe0000aa000000000000fe020001aa00000000010087
1773510407.774459,S,OUT,6,78,3,064409
1773510407.904558,S,OUT,6,78,25,400915c000fe0000aa00000000000000000000000000000039
1773510407.905529,C,IN ,5,78,3,064009
1773510407.905989,S,OUT,6,78,5,410901c0f4
1773510407.906463,C,IN ,5,78,4,42410900
1773510407.906858,S,OUT,6,78,5,430901c0f2
1773510407.907614,C,IN ,5,78,27,440917c000fe0000aa000000000000fe020001aa00000000010087
1773510407.907990,S,OUT,6,78,3,064409
1773510408.102643,S,OUT,6,78,25,400915c000fe0000aa00000000000000000000000000000039
1773510408.103566,C,IN ,5,78,3,064009
1773510408.104111,S,OUT,6,78,5,410901c0f4
1773510408.104539,C,IN ,5,78,4,42410900
1773510408.104909,S,OUT,6,78,5,430901c0f2
1773510408.105615,C,IN ,5,78,27,440917c000fe0000aa000000000000fe020001aa00000000010087
1773510408.105942,S,OUT,6,78,3,064409
1773510408.241568,S,OUT,6,78,25,400915c000fe0000aa00000000000000000000000000000039
1773510408.242497,C,IN ,5,78,3,064009
1773510408.242935,S,OUT,6,78,5,410901c0f4
1773510408.243427,C,IN ,5,78,4,42410900
1773510408.243734,S,OUT,6,78,5,430901c0f2
1773510408.244433,C,IN ,5,78,27,440917c000fe0000aa000000000000fe020001aa00000000010087
1773510408.244812,S,OUT,6,78,3,064409
1773510408.376635,S,OUT,6,78,25,400915c000fe0000aa00000000000000000000000000000039
1773510408.377519,C,IN ,5,78,3,064009
1773510408.377856,S,OUT,6,78,5,410901c0f4
1773510408.378262,C,IN ,5,78,4,42410900
1773510408.378584,S,OUT,6,78,5,430901c0f2
1773510408.379587,C,IN ,5,78,27,440917c000fe0000aa000000000000fe020001aa00000000010087
1773510408.379847,S,OUT,6,78,3,064409
1773510408.504402,S,OUT,6,78,25,400915c000fe0000aa00000000000000000000000000000039
1773510408.505342,C,IN ,5,78,3,064009
1773510408.505765,S,OUT,6,78,5,410901c0f4
1773510408.506246,C,IN ,5,78,4,42410900
1773510408.506571,S,OUT,6,78,5,430901c0f2
1773510408.507233,C,IN ,5,78,27,440917c000fe0000aa000000000000fe020001aa00000000010087
1773510408.507629,S,OUT,6,78,3,064409
1773510408.809520,S,OUT,6,78,25,400915c000fe0000aa00000000000000000000000000000039
1773510408.810636,C,IN ,5,78,3,064009
1773510408.811407,S,OUT,6,78,5,410901c0f4
1773510408.812493,C,IN ,5,78,4,42410900
1773510408.813403,S,OUT,6,78,5,430901c0f2
1773510408.814671,C,IN ,5,78,27,440917c000fe0000aa000000000000fe020001aa00000000010087
1773510408.815839,S,OUT,6,78,3,064409
1773510409.022972,S,OUT,6,78,25,400915c000fe0000aa00000000000000000000000000000039
1773510409.023956,C,IN ,5,78,3,064009
1773510409.024294,S,OUT,6,78,5,410901c0f4
1773510409.024999,C,IN ,5,78,4,42410900
1773510409.025723,S,OUT,6,78,5,430901c0f2
1773510409.026459,C,IN ,5,78,27,440917c000fe0000aa000000000000fe020001aa00000000010087
1773510409.026765,S,OUT,6,78,3,064409
1773510409.162279,S,OUT,6,78,25,400915c000fe0000aa00000000000000000000000000000039
1773510409.163247,C,IN ,5,78,3,064009
1773510409.163692,S,OUT,6,78,5,410901c0f4
1773510409.164230,C,IN ,5,78,4,42410900
1773510409.164599,S,OUT,6,78,5,430901c0f2
1773510409.165463,C,IN ,5,78,27,440917c000fe0000aa000000000000fe020001aa00000000010087
1773510409.165749,S,OUT,6,78,3,064409
1773510409.307150,S,OUT,6,78,25,400915c000fe0000aa00000000000000000000000000000039
1773510409.308020,C,IN ,5,78,3,064009
1773510409.308379,S,OUT,6,78,5,410901c0f4
1773510409.308908,C,IN ,5,78,4,42410900
1773510409.309283,S,OUT,6,78,5,430901c0f2
1773510409.309993,C,IN ,5,78,27,440917c000fe0000aa000000000000fe020001aa00000000010087
1773510409.310331,S,OUT,6,78,3,064409
1773510409.499974,S,OUT,6,78,25,400915c000fe0000aa00000000000000000000000000000039
1773510409.500922,C,IN ,5,78,3,064009
1773510409.501288,S,OUT,6,78,5,410901c0f4
1773510409.501733,C,IN ,5,78,4,42410900
1773510409.503251,S,OUT,6,78,5,430901c0f2
1773510409.503893,C,IN ,5,78,27,440917c000fe0000aa000000000000fe020001aa00000000010087
1773510409.504262,S,OUT,6,78,3,064409
1773510409.631735,S,OUT,6,78,25,400915c000fe0000aa00000000000000000000000000000039
1773510409.632664,C,IN ,5,78,3,064009
1773510409.633017,S,OUT,6,78,5,410901c0f4
1773510409.633373,C,IN ,5,78,4,42410900
1773510409.633673,S,OUT,6,78,5,430901c0f2
1773510409.634475,C,IN ,5,78,27,440917c000fe0000aa000000000000fe020001aa00000000010087
1773510409.634965,S,OUT,6,78,3,064409
1773510409.761990,S,OUT,6,78,25,400915c000fe0000aa00000000000000000000000000000039
1773510409.762930,C,IN ,5,78,3,064009
1773510409.763359,S,OUT,6,78,5,410901c0f4
1773510409.763909,C,IN ,5,78,4,42410900
1773510409.764273,S,OUT,6,78,5,430901c0f2
1773510409.764976,C,IN ,5,78,27,440917c000fe0000aa000000000000fe020001aa00000000010087
1773510409.765357,S,OUT,6,78,3,064409
1773510409.894613,S,OUT,6,78,25,400915c000fe0000aa00000000000000000000000000000039
1773510409.895596,C,IN ,5,78,3,064009
1773510409.895932,S,OUT,6,78,5,410901c0f4
1773510409.896385,C,IN ,5,78,4,42410900
1773510409.896699,S,OUT,6,78,5,430901c0f2
1773510409.897415,C,IN ,5,78,27,440917c000fe0000aa000000000000fe020001aa00000000010087
1773510409.897827,S,OUT,6,78,3,064409
1773510410.081693,S,OUT,6,78,25,400915c000fe0000aa00000000000000000000000000000039
1773510410.082653,C,IN ,5,78,3,064009
1773510410.083413,S,OUT,6,78,5,410901c0f4
1773510410.084222,C,IN ,5,78,4,42410900
1773510410.084638,S,OUT,6,78,5,430901c0f2
1773510410.085351,C,IN ,5,78,27,440917c000fe0000aa000000000000fe020001aa00000000010087
1773510410.085729,S,OUT,6,78,3,064409
1773510410.261507,S,OUT,6,78,25,400915c000fe0000aa00000000000000000000000000000039
1773510410.262524,C,IN ,5,78,3,064009
1773510410.262917,S,OUT,6,78,5,410901c0f4
1773510410.263342,C,IN ,5,78,4,42410900
1773510410.263642,S,OUT,6,78,5,430901c0f2
1773510410.264353,C,IN ,5,78,27,440917c000fe0000aa000000000000fe020001aa00000000010087
1773510410.264632,S,OUT,6,78,3,064409
1773510410.448090,S,OUT,6,78,25,400915c000fe0000aa00000000000000000000000000000039
1773510410.449045,C,IN ,5,78,3,064009
1773510410.449420,S,OUT,6,78,5,410901c0f4
1773510410.449903,C,IN ,5,78,4,42410900
1773510410.450223,S,OUT,6,78,5,430901c0f2
1773510410.450899,C,IN ,5,78,27,440917c000fe0000aa000000000000fe020001aa00000000010087
1773510410.451205,S,OUT,6,78,3,064409
1773510410.655383,S,OUT,6,78,25,400915c000fe0000aa00000000000000000000000000000039
1773510410.656342,C,IN ,5,78,3,064009
1773510410.656703,S,OUT,6,78,5,410901c0f4
1773510410.657195,C,IN ,5,78,4,42410900
1773510410.657580,S,OUT,6,78,5,430901c0f2
1773510410.658274,C,IN ,5,78,27,440917c000fe0000aa000000000000fe020001aa00000000010087
1773510410.658578,S,OUT,6,78,3,064409
1773510410.785231,S,OUT,6,78,25,400915c000fe0000aa00000000000000000000000000000039
1773510410.786201,C,IN ,5,78,3,064009
1773510410.786539,S,OUT,6,78,5,410901c0f4
1773510410.786934,C,IN ,5,78,4,42410900
1773510410.787248,S,OUT,6,78,5,430901c0f2
1773510410.788001,C,IN ,5,78,27,440917c000fe0000aa000000000000fe020001aa00000000010087
1773510410.788331,S,OUT,6,78,3,064409
1773510410.914662,S,OUT,6,78,25,400915c000fe0000aa00000000000000000000000000000039
1773510410.915584,C,IN ,5,78,3,064009
1773510410.915920,S,OUT,6,78,5,410901c0f4
1773510410.916385,C,IN ,5,78,4,42410900
1773510410.916748,S,OUT,6,78,5,430901c0f2
1773510410.917520,C,IN ,5,78,27,440917c000fe0000aa000000000000fe020001aa00000000010087
1773510410.917843,S,OUT,6,78,3,064409
1773510411.065007,S,OUT,6,78,25,400915c000fe0000aa00000000000000000000000000000039
1773510411.065988,C,IN ,5,78,3,064009
1773510411.066314,S,OUT,6,78,5,410901c0f4
1773510411.066789,C,IN ,5,78,4,42410900
1773510411.067167,S,OUT,6,78,5,430901c0f2
1773510411.067874,C,IN ,5,78,27,440917c000fe0000aa000000000000fe020001aa00000000010087
1773510411.068167,S,OUT,6,78,3,064409
1773510411.409446,S,OUT,6,78,25,400915c000fe0000aa00000000000000000000000000000039
1773510411.410380,C,IN ,5,78,3,064009
1773510411.410662,S,OUT,6,78,5,410901c0f4
1773510411.411057,C,IN ,5,78,4,42410900
1773510411.411327,S,OUT,6,78,5,430901c0f2
1773510411.412147,C,IN ,5,78,27,440917c000fe0000aa000000000000fe020001aa00000000010087
1773510411.412398,S,OUT,6,78,3,064409
1773510411.613637,S,OUT,6,78,25,400915c000fe0000aa00000000000000000000000000000039
1773510411.614595,C,IN ,5,78,3,064009
1773510411.615309,S,OUT,6,78,5,410901c0f4
1773510411.616047,C,IN ,5,78,4,42410900
1773510411.616688,S,OUT,6,78,5,430901c0f2
1773510411.617324,C,IN ,5,78,27,440917c000fe0000aa000000000000fe020001aa00000000010087
1773510411.617743,S,OUT,6,78,3,064409
1773510411.762058,S,OUT,6,78,25,400915c000fe0000aa00000000000000000000000000000039
1773510411.763007,C,IN ,5,78,3,064009
1773510411.763420,S,OUT,6,78,5,410901c0f4
1773510411.763923,C,IN ,5,78,4,42410900
1773510411.764351,S,OUT,6,78,5,430901c0f2
1773510411.765038,C,IN ,5,78,27,440917c000fe0000aa000000000000fe020001aa00000000010087
1773510411.765540,S,OUT,6,78,3,064409
1773510411.917743,S,OUT,6,78,25,400915c000fe0000aa00000000000000000000000000000039
1773510411.918717,C,IN ,5,78,3,064009
1773510411.919076,S,OUT,6,78,5,410901c0f4
1773510411.919560,C,IN ,5,78,4,42410900
1773510411.919870,S,OUT,6,78,5,430901c0f2
1773510411.920555,C,IN ,5,78,27,440917c000fe0000aa000000000000fe020001aa00000000010087
1773510411.920949,S,OUT,6,78,3,064409
1773510412.096818,S,OUT,6,78,25,400915c000fe0000aa00000000000000000000000000000039
1773510412.097697,C,IN ,5,78,3,064009
1773510412.098050,S,OUT,6,78,5,410901c0f4
1773510412.098543,C,IN ,5,78,4,42410900
1773510412.098846,S,OUT,6,78,5,430901c0f2
1773510412.099559,C,IN ,5,78,27,440917c000fe0000aa000000000000fe020001aa00000000010087
1773510412.099882,S,OUT,6,78,3,064409
1773510412.447212,S,OUT,6,78,25,400915c000fe0000aa00000000000000000000000000000039
1773510412.448127,C,IN ,5,78,3,064009
1773510412.449005,S,OUT,6,78,5,410901c0f4
1773510412.449451,C,IN ,5,78,4,42410900
1773510412.449706,S,OUT,6,78,5,430901c0f2
1773510412.450424,C,IN ,5,78,27,440917c000fe0000aa000000000000fe020001aa00000000010087
1773510412.450802,S,OUT,6,78,3,064409
1773510412.849192,S,OUT,6,78,25,400915c000fe0000aa00000000000000000000000000000039
1773510412.850209,C,IN ,5,78,3,064009
1773510412.850606,S,OUT,6,78,5,410901c0f4
1773510412.851031,C,IN ,5,78,4,42410900
1773510412.851360,S,OUT,6,78,5,430901c0f2
1773510412.852219,C,IN ,5,78,27,440917c000fe0000aa000000000000fe020001aa00000000010087
1773510412.852569,S,OUT,6,78,3,064409
1773510413.190835,S,OUT,6,78,25,400915c000fe0000aa00000000000000000000000000000039
1773510413.191816,C,IN ,5,78,3,064009
1773510413.192343,S,OUT,6,78,5,410901c0f4
1773510413.192714,C,IN ,5,78,4,42410900
1773510413.192952,S,OUT,6,78,5,430901c0f2
1773510413.193641,C,IN ,5,78,27,440917c000fe0000aa000000000000fe020001aa00000000010087
1773510413.193895,S,OUT,6,78,3,064409
1773510413.351409,S,OUT,6,78,25,400915c000fe0000aa00000000000000000000000000000039
1773510413.352432,C,IN ,5,78,3,064009
1773510413.352755,S,OUT,6,78,5,410901c0f4
1773510413.353222,C,IN ,5,78,4,42410900
1773510413.353714,S,OUT,6,78,5,430901c0f2
1773510413.354400,C,IN ,5,78,27,440917c000fe0000aa000000000000fe020001aa00000000010087
1773510413.354696,S,OUT,6,78,3,064409
1773510413.516474,S,OUT,6,78,25,400915c000fe0000aa00000000000000000000000000000039
1773510413.517437,C,IN ,5,78,3,064009
1773510413.517774,S,OUT,6,78,5,410901c0f4
1773510413.518169,C,IN ,5,78,4,42410900
1773510413.518487,S,OUT,6,78,5,430901c0f2
1773510413.519246,C,IN ,5,78,27,440917c000fe0000aa000000000000fe020001aa00000000010087
1773510413.519530,S,OUT,6,78,3,064409
1773510413.689928,S,OUT,6,78,25,400915c000fe0000aa00000000000000000000000000000039
1773510413.690886,C,IN ,5,78,3,064009
1773510413.691833,S,OUT,6,78,5,410901c0f4
1773510413.692333,C,IN ,5,78,4,42410900
1773510413.692844,S,OUT,6,78,5,430901c0f2
1773510413.693472,C,IN ,5,78,27,440917c000fe0000aa000000000000fe020001aa00000000010087
1773510413.693799,S,OUT,6,78,3,064409
1773510413.802406,S,OUT,6,78,25,400915c000fe0000aa00000000000000000000000000000039
1773510413.803409,C,IN ,5,78,3,064009
1773510413.803810,S,OUT,6,78,5,410901c0f4
1773510413.804234,C,IN ,5,78,4,42410900
1773510413.804669,S,OUT,6,78,5,430901c0f2
1773510413.805357,C,IN ,5,78,27,440917c000fe0000aa000000000000fe020001aa00000000010087
1773510413.805842,S,OUT,6,78,3,064409
1773510413.989178,S,OUT,6,78,25,400915c000fe0000aa00000000000000000000000000000039
1773510413.990117,C,IN ,5,78,3,064009
1773510413.990434,S,OUT,6,78,5,410901c0f4
1773510413.990837,C,IN ,5,78,4,42410900
1773510413.991110,S,OUT,6,78,5,430901c0f2
1773510413.991746,C,IN ,5,78,27,440917c000fe0000aa000000000000fe020001aa00000000010087
1773510413.992082,S,OUT,6,78,3,064409
1773510414.118643,S,OUT,6,78,25,400915c000fe0000aa00000000000000000000000000000039
1773510414.119611,C,IN ,5,78,3,064009
1773510414.119936,S,OUT,6,78,5,410901c0f4
1773510414.120353,C,IN ,5,78,4,42410900
1773510414.120759,S,OUT,6,78,5,430901c0f2
1773510414.121432,C,IN ,5,78,27,440917c000fe0000aa000000000000fe020001aa00000000010087
1773510414.121798,S,OUT,6,78,3,064409
1773510414.244740,S,OUT,6,78,25,400915c000fe0000aa00000000000000000000000000000039
1773510414.245753,C,IN ,5,78,3,064009
1773510414.246083,S,OUT,6,78,5,410901c0f4
1773510414.246498,C,IN ,5,78,4,42410900
1773510414.246781,S,OUT,6,78,5,430901c0f2
1773510414.247494,C,IN ,5,78,27,440917c000fe0000aa000000000000fe020001aa00000000010087
1773510414.247788,S,OUT,6,78,3,064409
1773510414.368004,S,OUT,6,78,25,400915c000fe0000aa00000000000000000000000000000039
1773510414.368996,C,IN ,5,78,3,064009
1773510414.369324,S,OUT,6,78,5,410901c0f4
1773510414.369941,C,IN ,5,78,4,42410900
1773510414.370284,S,OUT,6,78,5,430901c0f2
1773510414.371093,C,IN ,5,78,27,440917c000fe0000aa000000000000fe020001aa00000000010087
1773510414.371417,S,OUT,6,78,3,064409
1773510414.731963,S,OUT,6,78,25,400915c000fe0000aa00000000000000000000000000000039
1773510414.732903,C,IN ,5,78,3,064009
1773510414.733203,S,OUT,6,78,5,410901c0f4
1773510414.733674,C,IN ,5,78,4,42410900
1773510414.733964,S,OUT,6,78,5,430901c0f2
1773510414.734673,C,IN ,5,78,27,440917c000fe0000aa000000000000fe020001aa00000000010087
1773510414.734989,S,OUT,6,78,3,064409
1773510414.904962,S,OUT,6,78,25,400915c000fe0000aa00000000000000000000000000000039
1773510414.905968,C,IN ,5,78,3,064009
1773510414.906302,S,OUT,6,78,5,410901c0f4
1773510414.906712,C,IN ,5,78,4,42410900
1773510414.907176,S,OUT,6,78,5,430901c0f2
1773510414.907872,C,IN ,5,78,27,440917c000fe0000aa000000000000fe020001aa00000000010087
1773510414.908137,S,OUT,6,78,3,064409
1773510415.067769,S,OUT,6,78,25,400915c000fe0000aa00000000000000000000000000000039
1773510415.068715,C,IN ,5,78,3,064009
1773510415.069331,S,OUT,6,78,5,410901c0f4
1773510415.069806,C,IN ,5,78,4,42410900
1773510415.070067,S,OUT,6,78,5,430901c0f2
1773510415.070781,C,IN ,5,78,27,440917c000fe0000aa000000000000fe020001aa00000000010087
1773510415.071080,S,OUT,6,78,3,064409
1773510415.410787,S,OUT,6,78,25,400915c000fe0000aa00000000000000000000000000000039
1773510415.411763,C,IN ,5,78,3,064009
1773510415.412087,S,OUT,6,78,5,410901c0f4
1773510415.412676,C,IN ,5,78,4,42410900
1773510415.412972,S,OUT,6,78,5,430901c0f2
1773510415.413692,C,IN ,5,78,27,440917c000fe0000aa000000000000fe020001aa00000000010087
1773510415.413961,S,OUT,6,78,3,064409
1773510415.769053,S,OUT,6,78,25,400915c000fe0000aa00000000000000000000000000000039
1773510415.770037,C,IN ,5,78,3,064009
1773510415.770403,S,OUT,6,78,5,410901c0f4
1773510415.770864,C,IN ,5,78,4,42410900
1773510415.771319,S,OUT,6,78,5,430901c0f2
1773510415.772071,C,IN ,5,78,27,440917c000fe0000aa000000000000fe020001aa00000000010087
1773510415.772343,S,OUT,6,78,3,064409
1773510415.954559,S,OUT,6,78,25,400915c000fe0000aa00000000000000000000000000000039
1773510415.955523,C,IN ,5,78,3,064009
1773510415.955888,S,OUT,6,78,5,410901c0f4
1773510415.956263,C,IN ,5,78,4,42410900
1773510415.956530,S,OUT,6,78,5,430901c0f2
1773510415.957291,C,IN ,5,78,27,440917c000fe0000aa000000000000fe020001aa00000000010087
1773510415.957563,S,OUT,6,78,3,064409
1773510416.090349,S,OUT,6,78,25,400915c000fe0000aa00000000000000000000000000000039
1773510416.091289,C,IN ,5,78,3,064009
1773510416.091649,S,OUT,6,78,5,410901c0f4
1773510416.092148,C,IN ,5,78,4,42410900
1773510416.092436,S,OUT,6,78,5,430901c0f2
1773510416.093099,C,IN ,5,78,27,440917c000fe0000aa000000000000fe020001aa00000000010087
1773510416.093373,S,OUT,6,78,3,064409
1773510416.220429,S,OUT,6,78,25,400915c000fe0000aa00000000000000000000000000000039
1773510416.221402,C,IN ,5,78,3,064009
1773510416.221763,S,OUT,6,78,5,410901c0f4
1773510416.222176,C,IN ,5,78,4,42410900
1773510416.222549,S,OUT,6,78,5,430901c0f2
1773510416.225159,C,IN ,5,78,27,440917c000fe0000aa000000000000fe020001aa00000000010087
1773510416.225569,S,OUT,6,78,3,064409
1773510416.563508,S,OUT,6,78,25,400915c000fe0000aa00000000000000000000000000000039
1773510416.564474,C,IN ,5,78,3,064009
1773510416.564864,S,OUT,6,78,5,410901c0f4
1773510416.565314,C,IN ,5,78,4,42410900
1773510416.565694,S,OUT,6,78,5,430901c0f2
1773510416.566326,C,IN ,5,78,27,440917c000fe0000aa000000000000fe020001aa00000000010087
1773510416.566571,S,OUT,6,78,3,064409
1773510416.921326,S,OUT,6,78,25,400915c000fe0000aa00000000000000000000000000000039
1773510416.922299,C,IN ,5,78,3,064009
1773510416.922743,S,OUT,6,78,5,410901c0f4
1773510416.923187,C,IN ,5,78,4,42410900
1773510416.923506,S,OUT,6,78,5,430901c0f2
1773510416.924160,C,IN ,5,78,27,440917c000fe0000aa000000000000fe020001aa00000000010087
1773510416.924436,S,OUT,6,78,3,064409
1773510417.300513,S,OUT,6,78,25,400915c000fe0000aa00000000000000000000000000000039
1773510417.301517,C,IN ,5,78,3,064009
1773510417.301846,S,OUT,6,78,5,410901c0f4
1773510417.302345,C,IN ,5,78,4,42410900
1773510417.302696,S,OUT,6,78,5,430901c0f2
1773510417.303436,C,IN ,5,78,27,440917c000fe0000aa000000000000fe020001aa00000000010087
1773510417.303717,S,OUT,6,78,3,064409
1773510417.454356,S,OUT,6,78,25,400915c000fe0000aa00000000000000000000000000000039
1773510417.455298,C,IN ,5,78,3,064009
1773510417.455719,S,OUT,6,78,5,410901c0f4
1773510417.456224,C,IN ,5,78,4,42410900
1773510417.457341,S,OUT,6,78,5,430901c0f2
1773510417.457979,C,IN ,5,78,27,440917c000fe0000aa000000000000fe020001aa00000000010087
1773510417.458291,S,OUT,6,78,3,064409
1773510417.590779,S,OUT,6,78,25,400915c000fe0000aa00000000000000000000000000000039
1773510417.591678,C,IN ,5,78,3,064009
1773510417.592031,S,OUT,6,78,5,410901c0f4
1773510417.592475,C,IN ,5,78,4,42410900
1773510417.593057,S,OUT,6,78,5,430901c0f2
1773510417.593828,C,IN ,5,78,27,440917c000fe0000aa000000000000fe020001aa00000000010087
1773510417.594267,S,OUT,6,78,3,064409
1773510417.710694,S,OUT,6,78,25,400915c000fe0000aa00000000000000000000000000000039
1773510417.711674,C,IN ,5,78,3,064009
1773510417.711992,S,OUT,6,78,5,410901c0f4
1773510417.712610,C,IN ,5,78,4,42410900
1773510417.712926,S,OUT,6,78,5,430901c0f2
1773510417.713638,C,IN ,5,78,27,440917c000fe0000aa000000000000fe020001aa00000000010087
1773510417.713895,S,OUT,6,78,3,064409
1773510418.055075,S,OUT,6,78,25,400915c000fe0000aa00000000000000000000000000000039
1773510418.056099,C,IN ,5,78,3,064009
1773510418.056445,S,OUT,6,78,5,410901c0f4
1773510418.056919,C,IN ,5,78,4,42410900
1773510418.057211,S,OUT,6,78,5,430901c0f2
1773510418.057874,C,IN ,5,78,27,440917c000fe0000aa000000000000fe020001aa00000000010087
1773510418.058168,S,OUT,6,78,3,064409
1773510418.396305,S,OUT,6,78,25,400915c000fe0000aa00000000000000000000000000000039
1773510418.397276,C,IN ,5,78,3,064009
1773510418.397602,S,OUT,6,78,5,410901c0f4
1773510418.397948,C,IN ,5,78,4,42410900
1773510418.398287,S,OUT,6,78,5,430901c0f2
1773510418.399012,C,IN ,5,78,27,440917c000fe0000aa000000000000fe020001aa00000000010087
1773510418.399283,S,OUT,6,78,3,064409
1773510418.812083,S,OUT,6,78,25,400915c000fe0000aa00000000000000000000000000000039
1773510418.813066,C,IN ,5,78,3,064009
1773510418.813837,S,OUT,6,78,5,410901c0f4
1773510418.814225,C,IN ,5,78,4,42410900
1773510418.814756,S,OUT,6,78,5,430901c0f2
1773510418.815398,C,IN ,5,78,27,440917c000fe0000aa000000000000fe020001aa00000000010087
1773510418.815662,S,OUT,6,78,3,064409
1773510418.950720,S,OUT,6,78,25,400915c000fe0000aa00000000000000000000000000000039
1773510418.951768,C,IN ,5,78,3,064009
1773510418.952090,S,OUT,6,78,5,410901c0f4
1773510418.952484,C,IN ,5,78,4,42410900
1773510418.952853,S,OUT,6,78,5,430901c0f2
1773510418.953564,C,IN ,5,78,27,440917c000fe0000aa000000000000fe020001aa00000000010087
1773510418.953850,S,OUT,6,78,3,064409
1773510419.078525,S,OUT,6,78,25,400915c000fe0000aa00000000000000000000000000000039
1773510419.079520,C,IN ,5,78,3,064009
1773510419.080192,S,OUT,6,78,5,410901c0f4
1773510419.080547,C,IN ,5,78,4,42410900
1773510419.080830,S,OUT,6,78,5,430901c0f2
1773510419.081585,C,IN ,5,78,27,440917c000fe0000aa000000000000fe020001aa00000000010087
1773510419.081925,S,OUT,6,78,3,064409
1773510419.217194,S,OUT,6,78,25,400915c000fe0000aa00000000000000000000000000000039
1773510419.218152,C,IN ,5,78,3,064009
1773510419.218526,S,OUT,6,78,5,410901c0f4
1773510419.219112,C,IN ,5,78,4,42410900
1773510419.219710,S,OUT,6,78,5,430901c0f2
1773510419.220472,C,IN ,5,78,27,440917c000fe0000aa000000000000fe020001aa00000000010087
1773510419.220889,S,OUT,6,78,3,064409
1773510419.348196,S,OUT,6,78,25,400915c000fe0000aa00000000000000000000000000000039
1773510419.349186,C,IN ,5,78,3,064009
1773510419.349529,S,OUT,6,78,5,410901c0f4
1773510419.349893,C,IN ,5,78,4,42410900
1773510419.350180,S,OUT,6,78,5,430901c0f2
1773510419.350893,C,IN ,5,78,27,440917c000fe0000aa000000000000fe020001aa00000000010087
1773510419.351279,S,OUT,6,78,3,064409
1773510419.473184,S,OUT,6,78,25,400915c000fe0000aa00000000000000000000000000000039
1773510419.474156,C,IN ,5,78,3,064009
1773510419.474491,S,OUT,6,78,5,410901c0f4
1773510419.474928,C,IN ,5,78,4,42410900
1773510419.475232,S,OUT,6,78,5,430901c0f2
1773510419.475922,C,IN ,5,78,27,440917c000fe0000aa000000000000fe020001aa00000000010087
1773510419.476359,S,OUT,6,78,3,064409
1773510419.598603,S,OUT,6,78,25,400915c000fe0000aa00000000000000000000000000000039
1773510419.599591,C,IN ,5,78,3,064009
1773510419.599909,S,OUT,6,78,5,410901c0f4
1773510419.600380,C,IN ,5,78,4,42410900
1773510419.600743,S,OUT,6,78,5,430901c0f2
1773510419.601512,C,IN ,5,78,27,440917c000fe0000aa000000000000fe020001aa00000000010087
1773510419.601903,S,OUT,6,78,3,064409
1773510419.788655,S,OUT,6,78,25,400915c000fe0000aa00000000000000000000000000000039
1773510419.789626,C,IN ,5,78,3,064009
1773510419.790050,S,OUT,6,78,5,410901c0f4
1773510419.790518,C,IN ,5,78,4,42410900
1773510419.791264,S,OUT,6,78,5,430901c0f2
1773510419.791973,C,IN ,5,78,27,440917c000fe0000aa000000000000fe020001aa00000000010087
1773510419.792323,S,OUT,6,78,3,064409
1773510419.914863,S,OUT,6,78,25,400915c000fe0000aa00000000000000000000000000000039
1773510419.915838,C,IN ,5,78,3,064009
1773510419.916601,S,OUT,6,78,5,410901c0f4
1773510419.917148,C,IN ,5,78,4,42410900
1773510419.917531,S,OUT,6,78,5,430901c0f2
1773510419.918283,C,IN ,5,78,27,440917c000fe0000aa000000000000fe020001aa00000000010087
1773510419.918656,S,OUT,6,78,3,064409
1773510420.104128,S,OUT,6,78,25,400915c000fe0000aa00000000000000000000000000000039
1773510420.105120,C,IN ,5,78,3,064009
1773510420.105508,S,OUT,6,78,5,410901c0f4
1773510420.106504,C,IN ,5,78,4,42410900
1773510420.106880,S,OUT,6,78,5,430901c0f2
1773510420.107575,C,IN ,5,78,27,440917c000fe0000aa000000000000fe020001aa00000000010087
1773510420.107901,S,OUT,6,78,3,064409
1773510420.448443,S,OUT,6,78,25,400915c000fe0000aa00000000000000000000000000000039
1773510420.449421,C,IN ,5,78,3,064009
1773510420.449792,S,OUT,6,78,5,410901c0f4
1773510420.450182,C,IN ,5,78,4,42410900
1773510420.450474,S,OUT,6,78,5,430901c0f2
1773510420.451171,C,IN ,5,78,27,440917c000fe0000aa000000000000fe020001aa00000000010087
1773510420.451572,S,OUT,6,78,3,064409
1773510420.598112,S,OUT,6,78,25,400915c000fe0000aa00000000000000000000000000000039
1773510420.599072,C,IN ,5,78,3,064009
1773510420.599865,S,OUT,6,78,5,410901c0f4
1773510420.600354,C,IN ,5,78,4,42410900
1773510420.600680,S,OUT,6,78,5,430901c0f2
1773510420.601313,C,IN ,5,78,27,440917c000fe0000aa000000000000fe020001aa00000000010087
1773510420.601978,S,OUT,6,78,3,064409
1773510420.731479,S,OUT,6,78,25,400915c000fe0000aa00000000000000000000000000000039
1773510420.732449,C,IN ,5,78,3,064009
1773510420.732893,S,OUT,6,78,5,410901c0f4
1773510420.733342,C,IN ,5,78,4,42410900
1773510420.733647,S,OUT,6,78,5,430901c0f2
1773510420.734381,C,IN ,5,78,27,440917c000fe0000aa000000000000fe020001aa00000000010087
1773510420.734643,S,OUT,6,78,3,064409
1773510420.856221,S,OUT,6,78,25,400915c000fe0000aa00000000000000000000000000000039
1773510420.857179,C,IN ,5,78,3,064009
1773510420.857657,S,OUT,6,78,5,410901c0f4
1773510420.858417,C,IN ,5,78,4,42410900
1773510420.858895,S,OUT,6,78,5,430901c0f2
1773510420.859848,C,IN ,5,78,27,440917c000fe0000aa000000000000fe020001aa00000000010087
1773510420.860224,S,OUT,6,78,3,064409
1773510421.080891,S,OUT,6,78,25,400915c000fe0000aa00000000000000000000000000000039
1773510421.081836,C,IN ,5,78,3,064009
1773510421.082297,S,OUT,6,78,5,410901c0f4
1773510421.082752,C,IN ,5,78,4,42410900
1773510421.083175,S,OUT,6,78,5,430901c0f2
1773510421.083943,C,IN ,5,78,27,440917c000fe0000aa000000000000fe020001aa00000000010087
1773510421.084349,S,OUT,6,78,3,064409
1773510421.224282,S,OUT,6,78,25,400915c000fe0000aa00000000000000000000000000000039
1773510421.225240,C,IN ,5,78,3,064009
1773510421.225646,S,OUT,6,78,5,410901c0f4
1773510421.226172,C,IN ,5,78,4,42410900
1773510421.226569,S,OUT,6,78,5,430901c0f2
1773510421.227275,C,IN ,5,78,27,440917c000fe0000aa000000000000fe020001aa00000000010087
1773510421.227600,S,OUT,6,78,3,064409
1773510421.447522,S,OUT,6,78,25,400915c000fe0000aa00000000000000000000000000000039
1773510421.448471,C,IN ,5,78,3,064009
1773510421.448919,S,OUT,6,78,5,410901c0f4
1773510421.449477,C,IN ,5,78,4,42410900
1773510421.449991,S,OUT,6,78,5,430901c0f2
1773510421.450882,C,IN ,5,78,27,440917c000fe0000aa000000000000fe020001aa00000000010087
1773510421.452073,S,OUT,6,78,3,064409
1773510421.624873,S,OUT,6,78,25,400915c000fe0000aa00000000000000000000000000000039
1773510421.625879,C,IN ,5,78,3,064009
1773510421.626539,S,OUT,6,78,5,410901c0f4
1773510421.627207,C,IN ,5,78,4,42410900
1773510421.627836,S,OUT,6,78,5,430901c0f2
1773510421.628619,C,IN ,5,78,27,440917c000fe0000aa000000000000fe020001aa00000000010087
1773510421.629063,S,OUT,6,78,3,064409
1773510421.772008,S,OUT,6,78,25,400915c000fe0000aa00000000000000000000000000000039
1773510421.772978,C,IN ,5,78,3,064009
1773510421.773431,S,OUT,6,78,5,410901c0f4
1773510421.774023,C,IN ,5,78,4,42410900
1773510421.774478,S,OUT,6,78,5,430901c0f2
1773510421.775152,C,IN ,5,78,27,440917c000fe0000aa000000000000fe020001aa00000000010087
1773510421.775552,S,OUT,6,78,3,064409
1773510421.910804,S,OUT,6,78,25,400915c000fe0000aa00000000000000000000000000000039
1773510421.911729,C,IN ,5,78,3,064009
1773510421.912116,S,OUT,6,78,5,410901c0f4
1773510421.912559,C,IN ,5,78,4,42410900
1773510421.912874,S,OUT,6,78,5,430901c0f2
1773510421.913531,C,IN ,5,78,27,440917c000fe0000aa000000000000fe020001aa00000000010087
1773510421.913815,S,OUT,6,78,3,064409
1773510422.075013,S,OUT,6,78,25,400915c000fe0000aa00000000000000000000000000000039
1773510422.075959,C,IN ,5,78,3,064009
1773510422.076347,S,OUT,6,78,5,410901c0f4
1773510422.076797,C,IN ,5,78,4,42410900
1773510422.077079,S,OUT,6,78,5,430901c0f2
1773510422.077896,C,IN ,5,78,27,440917c000fe0000aa000000000000fe020001aa00000000010087
1773510422.078182,S,OUT,6,78,3,064409
1773510422.208889,S,OUT,6,78,25,400915c000fe0000aa00000000000000000000000000000039
1773510422.209872,C,IN ,5,78,3,064009
1773510422.211137,S,OUT,6,78,5,410901c0f4
1773510422.211771,C,IN ,5,78,4,42410900
1773510422.212242,S,OUT,6,78,5,430901c0f2
1773510422.212991,C,IN ,5,78,27,440917c000fe0000aa000000000000fe020001aa00000000010087
1773510422.213478,S,OUT,6,78,3,064409
1773510422.394720,S,OUT,6,78,25,400915c000fe0000aa00000000000000000000000000000039
1773510422.395695,C,IN ,5,78,3,064009
1773510422.396078,S,OUT,6,78,5,410901c0f4
1773510422.396574,C,IN ,5,78,4,42410900
1773510422.396895,S,OUT,6,78,5,430901c0f2
1773510422.397772,C,IN ,5,78,27,440917c000fe0000aa000000000000fe020001aa00000000010087
1773510422.398172,S,OUT,6,78,3,064409
1773510422.567399,S,OUT,6,78,25,400915c000fe0000aa00000000000000000000000000000039
1773510422.568460,C,IN ,5,78,3,064009
1773510422.568826,S,OUT,6,78,5,410901c0f4
1773510422.569375,C,IN ,5,78,4,42410900
1773510422.569702,S,OUT,6,78,5,430901c0f2
1773510422.570443,C,IN ,5,78,27,440917c000fe0000aa000000000000fe020001aa00000000010087
1773510422.570767,S,OUT,6,78,3,064409
1773510422.776792,S,OUT,6,78,25,400915c000fe0000aa00000000000000000000000000000039
1773510422.777760,C,IN ,5,78,3,064009
1773510422.778172,S,OUT,6,78,5,410901c0f4
1773510422.778698,C,IN ,5,78,4,42410900
1773510422.779087,S,OUT,6,78,5,430901c0f2
1773510422.779776,C,IN ,5,78,27,440917c000fe0000aa000000000000fe020001aa00000000010087
1773510422.780247,S,OUT,6,78,3,064409
1773510422.925692,S,OUT,6,78,25,400915c000fe0000aa00000000000000000000000000000039
1773510422.926679,C,IN ,5,78,3,064009
1773510422.927021,S,OUT,6,78,5,410901c0f4
1773510422.927557,C,IN ,5,78,4,42410900
1773510422.927880,S,OUT,6,78,5,430901c0f2
1773510422.928566,C,IN ,5,78,27,440917c000fe0000aa000000000000fe020001aa00000000010087
1773510422.928869,S,OUT,6,78,3,064409
1773510423.055069,S,OUT,6,78,25,400915c000fe0000aa00000000000000000000000000000039
1773510423.056051,C,IN ,5,78,3,064009
1773510423.056595,S,OUT,6,78,5,410901c0f4
1773510423.057261,C,IN ,5,78,4,42410900
1773510423.058168,S,OUT,6,78,5,430901c0f2
1773510423.059015,C,IN ,5,78,27,440917c000fe0000aa000000000000fe020001aa00000000010087
1773510423.059491,S,OUT,6,78,3,064409
1773510423.237480,S,OUT,6,78,25,400915c000fe0000aa00000000000000000000000000000039
1773510423.238369,C,IN ,5,78,3,064009
1773510423.239380,S,OUT,6,78,5,410901c0f4
1773510423.240189,C,IN ,5,78,4,42410900
1773510423.242521,S,OUT,6,78,5,430901c0f2
1773510423.243215,C,IN ,5,78,27,440917c000fe0000aa000000000000fe020001aa00000000010087
1773510423.243569,S,OUT,6,78,3,064409
1773510423.456130,S,OUT,6,78,25,400915c000fe0000aa00000000000000000000000000000039
1773510423.457094,C,IN ,5,78,3,064009
1773510423.457424,S,OUT,6,78,5,410901c0f4
1773510423.457935,C,IN ,5,78,4,42410900
1773510423.458283,S,OUT,6,78,5,430901c0f2
1773510423.459024,C,IN ,5,78,27,440917c000fe0000aa000000000000fe020001aa00000000010087
1773510423.459373,S,OUT,6,78,3,064409
1773510423.600309,S,OUT,6,78,25,400915c000fe0000aa00000000000000000000000000000039
1773510423.601243,C,IN ,5,78,3,064009
1773510423.602248,S,OUT,6,78,5,410901c0f4
1773510423.603947,C,IN ,5,78,4,42410900
1773510423.604401,S,OUT,6,78,5,430901c0f2
1773510423.605121,C,IN ,5,78,27,440917c000fe0000aa000000000000fe020001aa00000000010087
1773510423.605503,S,OUT,6,78,3,064409
1773510423.766374,S,OUT,6,78,25,400915c000fe0000aa00000000000000000000000000000039
1773510423.767349,C,IN ,5,78,3,064009
1773510423.767726,S,OUT,6,78,5,410901c0f4
1773510423.768164,C,IN ,5,78,4,42410900
1773510423.768593,S,OUT,6,78,5,430901c0f2
1773510423.769284,C,IN ,5,78,27,440917c000fe0000aa000000000000fe020001aa00000000010087
1773510423.769613,S,OUT,6,78,3,064409
1773510423.927900,S,OUT,6,78,25,400915c000fe0000aa00000000000000000000000000000039
1773510423.928860,C,IN ,5,78,3,064009
1773510423.929672,S,OUT,6,78,5,410901c0f4
1773510423.930500,C,IN ,5,78,4,42410900
1773510423.931586,S,OUT,6,78,5,430901c0f2
1773510423.932314,C,IN ,5,78,27,440917c000fe0000aa000000000000fe020001aa00000000010087
1773510423.932710,S,OUT,6,78,3,064409
1773510424.148454,S,OUT,6,78,25,400915c000fe0000aa00000000000000000000000000000039
1773510424.149432,C,IN ,5,78,3,064009
1773510424.150489,S,OUT,6,78,5,410901c0f4
1773510424.151100,C,IN ,5,78,4,42410900
1773510424.151503,S,OUT,6,78,5,430901c0f2
1773510424.152324,C,IN ,5,78,27,440917c000fe0000aa000000000000fe020001aa00000000010087
1773510424.152733,S,OUT,6,78,3,064409
1773510424.583664,S,OUT,6,78,25,400915c000fe0000aa00000000000000000000000000000039
1773510424.584597,C,IN ,5,78,3,064009
1773510424.584998,S,OUT,6,78,5,410901c0f4
1773510424.585420,C,IN ,5,78,4,42410900
1773510424.585730,S,OUT,6,78,5,430901c0f2
1773510424.586450,C,IN ,5,78,27,440917c000fe0000aa000000000000fe020001aa00000000010087
1773510424.586758,S,OUT,6,78,3,064409
1773510424.738357,S,OUT,6,78,25,400915c000fe0000aa00000000000000000000000000000039
1773510424.739302,C,IN ,5,78,3,064009
1773510424.739603,S,OUT,6,78,5,410901c0f4
1773510424.740027,C,IN ,5,78,4,42410900
1773510424.740303,S,OUT,6,78,5,430901c0f2
1773510424.741040,C,IN ,5,78,27,440917c000fe0000aa000000000000fe020001aa00000000010087
1773510424.741571,S,OUT,6,78,3,064409
1773510424.915081,S,OUT,6,78,25,400915c000fe0000aa00000000000000000000000000000039
1773510424.916096,C,IN ,5,78,3,064009
1773510424.916388,S,OUT,6,78,5,410901c0f4
1773510424.916779,C,IN ,5,78,4,42410900
1773510424.917042,S,OUT,6,78,5,430901c0f2
1773510424.917740,C,IN ,5,78,27,440917c000fe0000aa000000000000fe020001aa00000000010087
1773510424.918133,S,OUT,6,78,3,064409
1773510425.031753,S,OUT,6,78,25,400915c000fe0000aa00000000000000000000000000000039
1773510425.032685,C,IN ,5,78,3,064009
1773510425.033027,S,OUT,6,78,5,410901c0f4
1773510425.033503,C,IN ,5,78,4,42410900
1773510425.033806,S,OUT,6,78,5,430901c0f2
1773510425.034900,C,IN ,5,78,27,440917c000fe0000aa000000000000fe020001aa00000000010087
1773510425.035217,S,OUT,6,78,3,064409
1773510425.204755,S,OUT,6,78,25,400915c000fe0000aa00000000000000000000000000000039
1773510425.205723,C,IN ,5,78,3,064009
1773510425.206009,S,OUT,6,78,5,410901c0f4
1773510425.206437,C,IN ,5,78,4,42410900
1773510425.206755,S,OUT,6,78,5,430901c0f2
1773510425.207452,C,IN ,5,78,27,440917c000fe0000aa000000000000fe020001aa00000000010087
1773510425.207808,S,OUT,6,78,3,064409
1773510425.313139,S,OUT,6,78,25,400915c000fe0000aa00000000000000000000000000000039
1773510425.314065,C,IN ,5,78,3,064009
1773510425.314347,S,OUT,6,78,5,410901c0f4
1773510425.316353,C,IN ,5,78,4,42410900
1773510425.317054,S,OUT,6,78,5,430901c0f2
1773510425.317984,C,IN ,5,78,27,440917c000fe0000aa000000000000fe020001aa00000000010087
1773510425.318367,S,OUT,6,78,3,064409
1773510425.503295,S,OUT,6,78,25,400915c000fe0000aa00000000000000000000000000000039
1773510425.504231,C,IN ,5,78,3,064009
1773510425.504762,S,OUT,6,78,5,410901c0f4
1773510425.505320,C,IN ,5,78,4,42410900
1773510425.505675,S,OUT,6,78,5,430901c0f2
1773510425.506311,C,IN ,5,78,27,440917c000fe0000aa000000000000fe020001aa00000000010087
1773510425.506631,S,OUT,6,78,3,064409
1773510425.623531,S,OUT,6,78,25,400915c000fe0000aa00000000000000000000000000000039
1773510425.624569,C,IN ,5,78,3,064009
1773510425.624969,S,OUT,6,78,5,410901c0f4
1773510425.625495,C,IN ,5,78,4,42410900
1773510425.625798,S,OUT,6,78,5,430901c0f2
1773510425.626528,C,IN ,5,78,27,440917c000fe0000aa000000000000fe020001aa00000000010087
1773510425.626812,S,OUT,6,78,3,064409
1773510425.780802,S,OUT,6,78,25,400915c000fe0000aa00000000000000000000000000000039
1773510425.781746,C,IN ,5,78,3,064009
1773510425.782063,S,OUT,6,78,5,410901c0f4
1773510425.782524,C,IN ,5,78,4,42410900
1773510425.782840,S,OUT,6,78,5,430901c0f2
1773510425.783557,C,IN ,5,78,27,440917c000fe0000aa000000000000fe020001aa00000000010087
1773510425.783958,S,OUT,6,78,3,064409
1773510425.893703,S,OUT,6,78,25,400915c000fe0000aa00000000000000000000000000000039
1773510425.894644,C,IN ,5,78,3,064009
1773510425.895028,S,OUT,6,78,5,410901c0f4
1773510425.895490,C,IN ,5,78,4,42410900
1773510425.895847,S,OUT,6,78,5,430901c0f2
1773510425.896576,C,IN ,5,78,27,440917c000fe0000aa000000000000fe020001aa00000000010087
1773510425.896872,S,OUT,6,78,3,064409
1773510426.095723,S,OUT,6,78,25,400915c000fe0000aa00000000000000000000000000000039
1773510426.096738,C,IN ,5,78,3,064009
1773510426.097599,S,OUT,6,78,5,410901c0f4
1773510426.098164,C,IN ,5,78,4,42410900
1773510426.098786,S,OUT,6,78,5,430901c0f2
1773510426.099841,C,IN ,5,78,27,440917c000fe0000aa000000000000fe020001aa00000000010087
1773510426.100342,S,OUT,6,78,3,064409
1773510426.232758,S,OUT,6,78,25,400915c000fe0000aa00000000000000000000000000000039
1773510426.233726,C,IN ,5,78,3,064009
1773510426.234072,S,OUT,6,78,5,410901c0f4
1773510426.234494,C,IN ,5,78,4,42410900
1773510426.234773,S,OUT,6,78,5,430901c0f2
1773510426.235488,C,IN ,5,78,27,440917c000fe0000aa000000000000fe020001aa00000000010087
1773510426.235763,S,OUT,6,78,3,064409
1773510426.356071,S,OUT,6,78,25,400915c000fe0000aa00000000000000000000000000000039
1773510426.357090,C,IN ,5,78,3,064009
1773510426.357400,S,OUT,6,78,5,410901c0f4
1773510426.357830,C,IN ,5,78,4,42410900
1773510426.358091,S,OUT,6,78,5,430901c0f2
1773510426.358776,C,IN ,5,78,27,440917c000fe0000aa000000000000fe020001aa00000000010087
1773510426.359281,S,OUT,6,78,3,064409
1773510426.512536,S,OUT,6,78,25,400915c000fe0000aa00000000000000000000000000000039
1773510426.513458,C,IN ,5,78,3,064009
1773510426.513834,S,OUT,6,78,5,410901c0f4
1773510426.514205,C,IN ,5,78,4,42410900
1773510426.514462,S,OUT,6,78,5,430901c0f2
1773510426.515094,C,IN ,5,78,27,440917c000fe0000aa000000000000fe020001aa00000000010087
1773510426.515424,S,OUT,6,78,3,064409
1773510426.625317,S,OUT,6,78,25,400915c000fe0000aa00000000000000000000000000000039
1773510426.626293,C,IN ,5,78,3,064009
1773510426.626646,S,OUT,6,78,5,410901c0f4
1773510426.627011,C,IN ,5,78,4,42410900
1773510426.627305,S,OUT,6,78,5,430901c0f2
1773510426.628031,C,IN ,5,78,27,440917c000fe0000aa000000000000fe020001aa00000000010087
1773510426.628618,S,OUT,6,78,3,064409
1773510426.765429,S,OUT,6,78,25,400915c000fe0000aa00000000000000000000000000000039
1773510426.766365,C,IN ,5,78,3,064009
1773510426.766721,S,OUT,6,78,5,410901c0f4
1773510426.767146,C,IN ,5,78,4,42410900
1773510426.767430,S,OUT,6,78,5,430901c0f2
1773510426.768105,C,IN ,5,78,27,440917c000fe0000aa000000000000fe020001aa00000000010087
1773510426.768459,S,OUT,6,78,3,064409
1773510426.961051,S,OUT,6,78,25,400915c000fe0000aa00000000000000000000000000000039
1773510426.962017,C,IN ,5,78,3,064009
1773510426.962379,S,OUT,6,78,5,410901c0f4
1773510426.962803,C,IN ,5,78,4,42410900
1773510426.963089,S,OUT,6,78,5,430901c0f2
1773510426.963779,C,IN ,5,78,27,440917c000fe0000aa000000000000fe020001aa00000000010087
1773510426.964116,S,OUT,6,78,3,064409
1773510427.310930,S,OUT,6,78,25,400915c000fe0000aa00000000000000000000000000000039
1773510427.311941,C,IN ,5,78,3,064009
1773510427.312350,S,OUT,6,78,5,410901c0f4
1773510427.312892,C,IN ,5,78,4,42410900
1773510427.313182,S,OUT,6,78,5,430901c0f2
1773510427.313962,C,IN ,5,78,27,440917c000fe0000aa000000000000fe020001aa00000000010087
1773510427.314249,S,OUT,6,78,3,064409
1773510427.638821,S,OUT,6,78,25,400915c000fe0000aa00000000000000000000000000000039
1773510427.639802,C,IN ,5,78,3,064009
1773510427.640096,S,OUT,6,78,5,410901c0f4
1773510427.640468,C,IN ,5,78,4,42410900
1773510427.640776,S,OUT,6,78,5,430901c0f2
1773510427.641486,C,IN ,5,78,27,440917c000fe0000aa000000000000fe020001aa00000000010087
1773510427.641804,S,OUT,6,78,3,064409
1773510427.996053,S,OUT,6,78,25,400915c000fe0000aa00000000000000000000000000000039
1773510427.997049,C,IN ,5,78,3,064009
1773510427.997347,S,OUT,6,78,5,410901c0f4
1773510427.997785,C,IN ,5,78,4,42410900
1773510427.998062,S,OUT,6,78,5,430901c0f2
1773510427.998799,C,IN ,5,78,27,440917c000fe0000aa000000000000fe020001aa00000000010087
1773510427.999100,S,OUT,6,78,3,064409
1773510428.176737,S,OUT,6,78,25,400915c000fe0000aa00000000000000000000000000000039
1773510428.177708,C,IN ,5,78,3,064009
1773510428.178112,S,OUT,6,78,5,410901c0f4
1773510428.178534,C,IN ,5,78,4,42410900
1773510428.178874,S,OUT,6,78,5,430901c0f2
1773510428.179585,C,IN ,5,78,27,440917c000fe0000aa000000000000fe020001aa00000000010087
1773510428.179999,S,OUT,6,78,3,064409
1773510428.524068,S,OUT,6,78,25,400915c000fe0000aa00000000000000000000000000000039
1773510428.525066,C,IN ,5,78,3,064009
1773510428.525433,S,OUT,6,78,5,410901c0f4
1773510428.525808,C,IN ,5,78,4,42410900
1773510428.526117,S,OUT,6,78,5,430901c0f2
1773510428.526843,C,IN ,5,78,27,440917c000fe0000aa000000000000fe020001aa00000000010087
1773510428.527120,S,OUT,6,78,3,064409
1773510428.703047,S,OUT,6,78,25,400915c000fe0000aa00000000000000000000000000000039
1773510428.704012,C,IN ,5,78,3,064009
1773510428.704500,S,OUT,6,78,5,410901c0f4
1773510428.705076,C,IN ,5,78,4,42410900
1773510428.705445,S,OUT,6,78,5,430901c0f2
1773510428.706164,C,IN ,5,78,27,440917c000fe0000aa000000000000fe020001aa00000000010087
1773510428.706433,S,OUT,6,78,3,064409
1773510428.829268,S,OUT,6,78,25,400915c000fe0000aa00000000000000000000000000000039
1773510428.830255,C,IN ,5,78,3,064009
1773510428.830554,S,OUT,6,78,5,410901c0f4
1773510428.830971,C,IN ,5,78,4,42410900
1773510428.831287,S,OUT,6,78,5,430901c0f2
1773510428.831978,C,IN ,5,78,27,440917c000fe0000aa000000000000fe020001aa00000000010087
1773510428.832375,S,OUT,6,78,3,064409
1773510429.185855,S,OUT,6,78,25,400915c000fe0000aa00000000000000000000000000000039
1773510429.186884,C,IN ,5,78,3,064009
1773510429.187292,S,OUT,6,78,5,410901c0f4
1773510429.187868,C,IN ,5,78,4,42410900
1773510429.188189,S,OUT,6,78,5,430901c0f2
1773510429.188964,C,IN ,5,78,27,440917c000fe0000aa000000000000fe020001aa00000000010087
1773510429.189330,S,OUT,6,78,3,064409
1773510429.339321,S,OUT,6,78,25,400915c000fe0000aa00000000000000000000000000000039
1773510429.340283,C,IN ,5,78,3,064009
1773510429.340618,S,OUT,6,78,5,410901c0f4
1773510429.341139,C,IN ,5,78,4,42410900
1773510429.341787,S,OUT,6,78,5,430901c0f2
1773510429.342526,C,IN ,5,78,27,440917c000fe0000aa000000000000fe020001aa00000000010087
1773510429.342824,S,OUT,6,78,3,064409
1773510429.484168,S,OUT,6,78,25,400915c000fe0000aa00000000000000000000000000000039
1773510429.485122,C,IN ,5,78,3,064009
1773510429.486990,S,OUT,6,78,5,410901c0f4
1773510429.487586,C,IN ,5,78,4,42410900
1773510429.488422,S,OUT,6,78,5,430901c0f2
1773510429.489116,C,IN ,5,78,27,440917c000fe0000aa000000000000fe020001aa00000000010087
1773510429.489481,S,OUT,6,78,3,064409
1773510429.622336,S,OUT,6,78,25,400915c000fe0000aa00000000000000000000000000000039
1773510429.623325,C,IN ,5,78,3,064009
1773510429.623765,S,OUT,6,78,5,410901c0f4
1773510429.624197,C,IN ,5,78,4,42410900
1773510429.624646,S,OUT,6,78,5,430901c0f2
1773510429.625353,C,IN ,5,78,27,440917c000fe0000aa000000000000fe020001aa00000000010087
1773510429.625707,S,OUT,6,78,3,064409
1773510429.752470,S,OUT,6,78,25,400915c000fe0000aa00000000000000000000000000000039
1773510429.753437,C,IN ,5,78,3,064009
1773510429.753853,S,OUT,6,78,5,410901c0f4
1773510429.754263,C,IN ,5,78,4,42410900
1773510429.754572,S,OUT,6,78,5,430901c0f2
1773510429.755225,C,IN ,5,78,27,440917c000fe0000aa000000000000fe020001aa00000000010087
1773510429.755555,S,OUT,6,78,3,064409
1773510429.898746,S,OUT,6,78,25,400915c000fe0000aa00000000000000000000000000000039
1773510429.899728,C,IN ,5,78,3,064009
1773510429.900141,S,OUT,6,78,5,410901c0f4
1773510429.900600,C,IN ,5,78,4,42410900
1773510429.901014,S,OUT,6,78,5,430901c0f2
1773510429.901723,C,IN ,5,78,27,440917c000fe0000aa000000000000fe020001aa00000000010087
1773510429.902100,S,OUT,6,78,3,064409
1773510430.068943,S,OUT,6,78,25,400915c000fe0000aa00000000000000000000000000000039
1773510430.069848,C,IN ,5,78,3,064009
1773510430.070242,S,OUT,6,78,5,410901c0f4
1773510430.070765,C,IN ,5,78,4,42410900
1773510430.071140,S,OUT,6,78,5,430901c0f2
1773510430.072320,C,IN ,5,78,27,440917c000fe0000aa000000000000fe020001aa00000000010087
1773510430.072683,S,OUT,6,78,3,064409
1773510430.214261,S,OUT,6,78,25,400915c000fe0000aa00000000000000000000000000000039
1773510430.215240,C,IN ,5,78,3,064009
1773510430.215631,S,OUT,6,78,5,410901c0f4
1773510430.216031,C,IN ,5,78,4,42410900
1773510430.216293,S,OUT,6,78,5,430901c0f2
1773510430.217037,C,IN ,5,78,27,440917c000fe0000aa000000000000fe020001aa00000000010087
1773510430.217477,S,OUT,6,78,3,064409
1773510430.358800,S,OUT,6,78,25,400915c000fe0000aa00000000000000000000000000000039
1773510430.359788,C,IN ,5,78,3,064009
1773510430.360141,S,OUT,6,78,5,410901c0f4
1773510430.360574,C,IN ,5,78,4,42410900
1773510430.361513,S,OUT,6,78,5,430901c0f2
1773510430.362191,C,IN ,5,78,27,440917c000fe0000aa000000000000fe020001aa00000000010087
1773510430.362611,S,OUT,6,78,3,064409
1773510430.502334,S,OUT,6,78,25,400915c000fe0000aa00000000000000000000000000000039
1773510430.503310,C,IN ,5,78,3,064009
1773510430.503609,S,OUT,6,78,5,410901c0f4
1773510430.504132,C,IN ,5,78,4,42410900
1773510430.504489,S,OUT,6,78,5,430901c0f2
1773510430.505223,C,IN ,5,78,27,440917c000fe0000aa000000000000fe020001aa00000000010087
1773510430.505523,S,OUT,6,78,3,064409
1773510430.692968,S,OUT,6,78,25,400915c000fe0000aa00000000000000000000000000000039
1773510430.693828,C,IN ,5,78,3,064009
1773510430.694255,S,OUT,6,78,5,410901c0f4
1773510430.694663,C,IN ,5,78,4,42410900
1773510430.694969,S,OUT,6,78,5,430901c0f2
1773510430.695638,C,IN ,5,78,27,440917c000fe0000aa000000000000fe020001aa00000000010087
1773510430.695945,S,OUT,6,78,3,064409
1773510430.821278,S,OUT,6,78,25,400915c000fe0000aa00000000000000000000000000000039
1773510430.822255,C,IN ,5,78,3,064009
1773510430.822636,S,OUT,6,78,5,410901c0f4
1773510430.822992,C,IN ,5,78,4,42410900
1773510430.823268,S,OUT,6,78,5,430901c0f2
1773510430.824005,C,IN ,5,78,27,440917c000fe0000aa000000000000fe020001aa00000000010087
1773510430.824344,S,OUT,6,78,3,064409
1773510430.954034,S,OUT,6,78,25,400915c000fe0000aa00000000000000000000000000000039
1773510430.955023,C,IN ,5,78,3,064009
1773510430.955383,S,OUT,6,78,5,410901c0f4
1773510430.955789,C,IN ,5,78,4,42410900
1773510430.956159,S,OUT,6,78,5,430901c0f2
1773510430.956836,C,IN ,5,78,27,440917c000fe0000aa000000000000fe020001aa00000000010087
1773510430.957263,S,OUT,6,78,3,064409
1773510431.077256,S,OUT,6,78,25,400915c000fe0000aa00000000000000000000000000000039
1773510431.078235,C,IN ,5,78,3,064009
1773510431.078568,S,OUT,6,78,5,410901c0f4
1773510431.079151,C,IN ,5,78,4,42410900
1773510431.079529,S,OUT,6,78,5,430901c0f2
1773510431.080230,C,IN ,5,78,27,440917c000fe0000aa000000000000fe020001aa00000000010087
1773510431.080547,S,OUT,6,78,3,064409
1773510431.215376,S,OUT,6,78,25,400915c000fe0000aa00000000000000000000000000000039
1773510431.216358,C,IN ,5,78,3,064009
1773510431.216687,S,OUT,6,78,5,410901c0f4
1773510431.217209,C,IN ,5,78,4,42410900
1773510431.217764,S,OUT,6,78,5,430901c0f2
1773510431.218441,C,IN ,5,78,27,440917c000fe0000aa000000000000fe020001aa00000000010087
1773510431.218809,S,OUT,6,78,3,064409
1773510431.353618,S,OUT,6,78,25,400915c000fe0000aa00000000000000000000000000000039
1773510431.354604,C,IN ,5,78,3,064009
1773510431.355019,S,OUT,6,78,5,410901c0f4
1773510431.356664,C,IN ,5,78,4,42410900
1773510431.357018,S,OUT,6,78,5,430901c0f2
1773510431.358056,C,IN ,5,78,27,440917c000fe0000aa000000000000fe020001aa00000000010087
1773510431.358428,S,OUT,6,78,3,064409
1773510431.486861,S,OUT,6,78,25,400915c000fe0000aa00000000000000000000000000000039
1773510431.487716,C,IN ,5,78,3,064009
1773510431.488085,S,OUT,6,78,5,410901c0f4
1773510431.488463,C,IN ,5,78,4,42410900
1773510431.488754,S,OUT,6,78,5,430901c0f2
1773510431.489553,C,IN ,5,78,27,440917c000fe0000aa000000000000fe020001aa00000000010087
1773510431.489905,S,OUT,6,78,3,064409
1773510431.684302,S,OUT,6,78,25,400915c000fe0000aa00000000000000000000000000000039
1773510431.685259,C,IN ,5,78,3,064009
1773510431.685622,S,OUT,6,78,5,410901c0f4
1773510431.686100,C,IN ,5,78,4,42410900
1773510431.686434,S,OUT,6,78,5,430901c0f2
1773510431.687182,C,IN ,5,78,27,440917c000fe0000aa000000000000fe020001aa00000000010087
1773510431.687510,S,OUT,6,78,3,064409
1773510431.847825,S,OUT,6,78,25,400915c000fe0000aa00000000000000000000000000000039
1773510431.848779,C,IN ,5,78,3,064009
1773510431.849120,S,OUT,6,78,5,410901c0f4
1773510431.849512,C,IN ,5,78,4,42410900
1773510431.849759,S,OUT,6,78,5,430901c0f2
1773510431.850867,C,IN ,5,78,27,440917c000fe0000aa000000000000fe020001aa00000000010087
1773510431.851123,S,OUT,6,78,3,064409
1773510431.967989,S,OUT,6,78,25,400915c000fe0000aa00000000000000000000000000000039
1773510431.968912,C,IN ,5,78,3,064009
1773510431.969166,S,OUT,6,78,5,410901c0f4
1773510431.969511,C,IN ,5,78,4,42410900
1773510431.969792,S,OUT,6,78,5,430901c0f2
1773510431.970517,C,IN ,5,78,27,440917c000fe0000aa000000000000fe020001aa00000000010087
1773510431.970857,S,OUT,6,78,3,064409
1773510432.097742,S,OUT,6,78,25,400915c000fe0000aa00000000000000000000000000000039
1773510432.098685,C,IN ,5,78,3,064009
1773510432.101052,S,OUT,6,78,5,410901c0f4
1773510432.101537,C,IN ,5,78,4,42410900
1773510432.101908,S,OUT,6,78,5,430901c0f2
1773510432.102536,C,IN ,5,78,27,440917c000fe0000aa000000000000fe020001aa00000000010087
1773510432.103024,S,OUT,6,78,3,064409
1773510432.309007,S,OUT,6,78,25,400915c000fe0000aa00000000000000000000000000000039
1773510432.309997,C,IN ,5,78,3,064009
1773510432.310346,S,OUT,6,78,5,410901c0f4
1773510432.310738,C,IN ,5,78,4,42410900
1773510432.311019,S,OUT,6,78,5,430901c0f2
1773510432.311679,C,IN ,5,78,27,440917c000fe0000aa000000000000fe020001aa00000000010087
1773510432.311950,S,OUT,6,78,3,064409
1773510432.431096,S,OUT,6,78,25,400915c000fe0000aa00000000000000000000000000000039
1773510432.432077,C,IN ,5,78,3,064009
1773510432.432535,S,OUT,6,78,5,410901c0f4
1773510432.433701,C,IN ,5,78,4,42410900
1773510432.434154,S,OUT,6,78,5,430901c0f2
1773510432.434894,C,IN ,5,78,27,440917c000fe0000aa000000000000fe020001aa00000000010087
1773510432.435294,S,OUT,6,78,3,064409
1773510432.573969,S,OUT,6,78,25,400915c000fe0000aa00000000000000000000000000000039
1773510432.574879,C,IN ,5,78,3,064009
1773510432.575281,S,OUT,6,78,5,410901c0f4
1773510432.575635,C,IN ,5,78,4,42410900
1773510432.575905,S,OUT,6,78,5,430901c0f2
1773510432.576630,C,IN ,5,78,27,440917c000fe0000aa000000000000fe020001aa00000000010087
1773510432.576927,S,OUT,6,78,3,064409
1773510432.691142,S,OUT,6,78,25,400915c000fe0000aa00000000000000000000000000000039
1773510432.692108,C,IN ,5,78,3,064009
1773510432.692452,S,OUT,6,78,5,410901c0f4
1773510432.692866,C,IN ,5,78,4,42410900
1773510432.693245,S,OUT,6,78,5,430901c0f2
1773510432.693970,C,IN ,5,78,27,440917c000fe0000aa000000000000fe020001aa00000000010087
1773510432.694283,S,OUT,6,78,3,064409
1773510432.850691,S,OUT,6,78,25,400915c000fe0000aa00000000000000000000000000000039
1773510432.851696,C,IN ,5,78,3,064009
1773510432.852056,S,OUT,6,78,5,410901c0f4
1773510432.852454,C,IN ,5,78,4,42410900
1773510432.852788,S,OUT,6,78,5,430901c0f2
1773510432.853422,C,IN ,5,78,27,440917c000fe0000aa000000000000fe020001aa00000000010087
1773510432.853825,S,OUT,6,78,3,064409
1773510433.217075,S,OUT,6,78,25,400915c000fe0000aa00000000000000000000000000000039
1773510433.218063,C,IN ,5,78,3,064009
1773510433.218367,S,OUT,6,78,5,410901c0f4
1773510433.218751,C,IN ,5,78,4,42410900
1773510433.219060,S,OUT,6,78,5,430901c0f2
1773510433.219754,C,IN ,5,78,27,440917c000fe0000aa000000000000fe020001aa00000000010087
1773510433.219998,S,OUT,6,78,3,064409
1773510433.369974,S,OUT,6,78,25,400915c000fe0000aa00000000000000000000000000000039
1773510433.370916,C,IN ,5,78,3,064009
1773510433.371382,S,OUT,6,78,5,410901c0f4
1773510433.371885,C,IN ,5,78,4,42410900
1773510433.372330,S,OUT,6,78,5,430901c0f2
1773510433.373020,C,IN ,5,78,27,440917c000fe0000aa000000000000fe020001aa00000000010087
1773510433.373511,S,OUT,6,78,3,064409
1773510433.711391,S,OUT,6,78,25,400915c000fe0000aa00000000000000000000000000000039
1773510433.712359,C,IN ,5,78,3,064009
1773510433.712658,S,OUT,6,78,5,410901c0f4
1773510433.713028,C,IN ,5,78,4,42410900
1773510433.713289,S,OUT,6,78,5,430901c0f2
1773510433.714109,C,IN ,5,78,27,440917c000fe0000aa000000000000fe020001aa00000000010087
1773510433.714355,S,OUT,6,78,3,064409
1773510433.845415,S,OUT,6,78,25,400915c000fe0000aa00000000000000000000000000000039
1773510433.846344,C,IN ,5,78,3,064009
1773510433.847032,S,OUT,6,78,5,410901c0f4
1773510433.847833,C,IN ,5,78,4,42410900
1773510433.848209,S,OUT,6,78,5,430901c0f2
1773510433.848896,C,IN ,5,78,27,440917c000fe0000aa000000000000fe020001aa00000000010087
1773510433.849193,S,OUT,6,78,3,064409
1773510434.034463,S,OUT,6,78,25,400915c000fe0000aa00000000000000000000000000000039
1773510434.035457,C,IN ,5,78,3,064009
1773510434.035782,S,OUT,6,78,5,410901c0f4
1773510434.036243,C,IN ,5,78,4,42410900
1773510434.036545,S,OUT,6,78,5,430901c0f2
1773510434.037258,C,IN ,5,78,27,440917c000fe0000aa000000000000fe020001aa00000000010087
1773510434.037598,S,OUT,6,78,3,064409
1773510434.155162,S,OUT,6,78,25,400915c000fe0000aa00000000000000000000000000000039
1773510434.156195,C,IN ,5,78,3,064009
1773510434.156579,S,OUT,6,78,5,410901c0f4
1773510434.157046,C,IN ,5,78,4,42410900
1773510434.157408,S,OUT,6,78,5,430901c0f2
1773510434.158186,C,IN ,5,78,27,440917c000fe0000aa000000000000fe020001aa00000000010087
1773510434.158514,S,OUT,6,78,3,064409
1773510434.349599,S,OUT,6,78,25,400915c000fe0000aa00000000000000000000000000000039
1773510434.350529,C,IN ,5,78,3,064009
1773510434.352211,S,OUT,6,78,5,410901c0f4
1773510434.352825,C,IN ,5,78,4,42410900
1773510434.353245,S,OUT,6,78,5,430901c0f2
1773510434.353968,C,IN ,5,78,27,440917c000fe0000aa000000000000fe020001aa00000000010087
1773510434.354360,S,OUT,6,78,3,064409
1773510434.475102,S,OUT,6,78,25,400915c000fe0000aa00000000000000000000000000000039
1773510434.476082,C,IN ,5,78,3,064009
1773510434.476528,S,OUT,6,78,5,410901c0f4
1773510434.478562,C,IN ,5,78,4,42410900
1773510434.478865,S,OUT,6,78,5,430901c0f2
1773510434.479620,C,IN ,5,78,27,440917c000fe0000aa000000000000fe020001aa00000000010087
1773510434.479926,S,OUT,6,78,3,064409
1773510434.647961,S,OUT,6,78,25,400915c000fe0000aa00000000000000000000000000000039
1773510434.648902,C,IN ,5,78,3,064009
1773510434.649192,S,OUT,6,78,5,410901c0f4
1773510434.649614,C,IN ,5,78,4,42410900
1773510434.649919,S,OUT,6,78,5,430901c0f2
1773510434.650642,C,IN ,5,78,27,440917c000fe0000aa000000000000fe020001aa00000000010087
1773510434.651006,S,OUT,6,78,3,064409
1773510434.793256,S,OUT,6,78,25,400915c000fe0000aa00000000000000000000000000000039
1773510434.794210,C,IN ,5,78,3,064009
1773510434.794593,S,OUT,6,78,5,410901c0f4
1773510434.795116,C,IN ,5,78,4,42410900
1773510434.795442,S,OUT,6,78,5,430901c0f2
1773510434.796133,C,IN ,5,78,27,440917c000fe0000aa000000000000fe020001aa00000000010087
1773510434.796508,S,OUT,6,78,3,064409
1773510434.960164,S,OUT,6,78,25,400915c000fe0000aa00000000000000000000000000000039
1773510434.961161,C,IN ,5,78,3,064009
1773510434.961513,S,OUT,6,78,5,410901c0f4
1773510434.962030,C,IN ,5,78,4,42410900
1773510434.962307,S,OUT,6,78,5,430901c0f2
1773510434.963030,C,IN ,5,78,27,440917c000fe0000aa000000000000fe020001aa00000000010087
1773510434.963359,S,OUT,6,78,3,064409
1773510435.153200,S,OUT,6,78,25,400915c000fe0000aa00000000000000000000000000000039
1773510435.154218,C,IN ,5,78,3,064009
1773510435.154588,S,OUT,6,78,5,410901c0f4
1773510435.155073,C,IN ,5,78,4,42410900
1773510435.155359,S,OUT,6,78,5,430901c0f2
1773510435.156062,C,IN ,5,78,27,440917c000fe0000aa000000000000fe020001aa00000000010087
1773510435.156461,S,OUT,6,78,3,064409
1773510435.272969,S,OUT,6,78,25,400915c000fe0000aa00000000000000000000000000000039
1773510435.273897,C,IN ,5,78,3,064009
1773510435.274193,S,OUT,6,78,5,410901c0f4
1773510435.274619,C,IN ,5,78,4,42410900
1773510435.274880,S,OUT,6,78,5,430901c0f2
1773510435.275621,C,IN ,5,78,27,440917c000fe0000aa000000000000fe020001aa00000000010087
1773510435.275965,S,OUT,6,78,3,064409
1773510435.610769,S,OUT,6,78,25,400915c000fe0000aa00000000000000000000000000000039
1773510435.611750,C,IN ,5,78,3,064009
1773510435.612171,S,OUT,6,78,5,410901c0f4
1773510435.614218,C,IN ,5,78,4,42410900
1773510435.614565,S,OUT,6,78,5,430901c0f2
1773510435.615310,C,IN ,5,78,27,440917c000fe0000aa000000000000fe020001aa00000000010087
1773510435.615595,S,OUT,6,78,3,064409
1773510435.975839,S,OUT,6,78,25,400915c000fe0000aa00000000000000000000000000000039
1773510435.976754,C,IN ,5,78,3,064009
1773510435.977168,S,OUT,6,78,5,410901c0f4
1773510435.977611,C,IN ,5,78,4,42410900
1773510435.978012,S,OUT,6,78,5,430901c0f2
1773510435.978695,C,IN ,5,78,27,440917c000fe0000aa000000000000fe020001aa00000000010087
1773510435.978996,S,OUT,6,78,3,064409
1773510436.156513,S,OUT,6,78,25,400915c000fe0000aa00000000000000000000000000000039
1773510436.157459,C,IN ,5,78,3,064009
1773510436.157821,S,OUT,6,78,5,410901c0f4
1773510436.158229,C,IN ,5,78,4,42410900
1773510436.158534,S,OUT,6,78,5,430901c0f2
1773510436.159367,C,IN ,5,78,27,440917c000fe0000aa000000000000fe020001aa00000000010087
1773510436.159694,S,OUT,6,78,3,064409
1773510436.338648,S,OUT,6,78,25,400915c000fe0000aa00000000000000000000000000000039
1773510436.339519,C,IN ,5,78,3,064009
1773510436.339862,S,OUT,6,78,5,410901c0f4
1773510436.340315,C,IN ,5,78,4,42410900
1773510436.340600,S,OUT,6,78,5,430901c0f2
1773510436.341330,C,IN ,5,78,27,440917c000fe0000aa000000000000fe020001aa00000000010087
1773510436.341688,S,OUT,6,78,3,064409
1773510436.701525,S,OUT,6,78,25,400915c000fe0000aa00000000000000000000000000000039
1773510436.702452,C,IN ,5,78,3,064009
1773510436.702806,S,OUT,6,78,5,410901c0f4
1773510436.703326,C,IN ,5,78,4,42410900
1773510436.703678,S,OUT,6,78,5,430901c0f2
1773510436.704339,C,IN ,5,78,27,440917c000fe0000aa000000000000fe020001aa00000000010087
1773510436.704651,S,OUT,6,78,3,064409
1773510436.824684,S,OUT,6,78,25,400915c000fe0000aa00000000000000000000000000000039
1773510436.825610,C,IN ,5,78,3,064009
1773510436.826051,S,OUT,6,78,5,410901c0f4
1773510436.826493,C,IN ,5,78,4,42410900
1773510436.826838,S,OUT,6,78,5,430901c0f2
1773510436.827780,C,IN ,5,78,27,440917c000fe0000aa000000000000fe020001aa00000000010087
1773510436.828144,S,OUT,6,78,3,064409
1773510436.945767,S,OUT,6,78,25,400915c000fe0000aa00000000000000000000000000000039
1773510436.946714,C,IN ,5,78,3,064009
1773510436.947072,S,OUT,6,78,5,410901c0f4
1773510436.947660,C,IN ,5,78,4,42410900
1773510436.948027,S,OUT,6,78,5,430901c0f2
1773510436.948707,C,IN ,5,78,27,440917c000fe0000aa000000000000fe020001aa00000000010087
1773510436.948973,S,OUT,6,78,3,064409
1773510437.071528,S,OUT,6,78,25,400915c000fe0000aa00000000000000000000000000000039
1773510437.072467,C,IN ,5,78,3,064009
1773510437.072859,S,OUT,6,78,5,410901c0f4
1773510437.073351,C,IN ,5,78,4,42410900
1773510437.073886,S,OUT,6,78,5,430901c0f2
1773510437.074601,C,IN ,5,78,27,440917c000fe0000aa000000000000fe020001aa00000000010087
1773510437.074927,S,OUT,6,78,3,064409
1773510437.412211,S,OUT,6,78,25,400915c000fe0000aa00000000000000000000000000000039
1773510437.413450,C,IN ,5,78,3,064009
1773510437.413807,S,OUT,6,78,5,410901c0f4
1773510437.414277,C,IN ,5,78,4,42410900
1773510437.414781,S,OUT,6,78,5,430901c0f2
1773510437.415489,C,IN ,5,78,27,440917c000fe0000aa000000000000fe020001aa00000000010087
1773510437.415776,S,OUT,6,78,3,064409
1773510437.553088,S,OUT,6,78,25,400915c000fe0000aa00000000000000000000000000000039
1773510437.554032,C,IN ,5,78,3,064009
1773510437.554390,S,OUT,6,78,5,410901c0f4
1773510437.554818,C,IN ,5,78,4,42410900
1773510437.555120,S,OUT,6,78,5,430901c0f2
1773510437.555845,C,IN ,5,78,27,440917c000fe0000aa000000000000fe020001aa00000000010087
1773510437.556277,S,OUT,6,78,3,064409
1773510437.679328,S,OUT,6,78,25,400915c000fe0000aa00000000000000000000000000000039
1773510437.680391,C,IN ,5,78,3,064009
1773510437.680809,S,OUT,6,78,5,410901c0f4
1773510437.681266,C,IN ,5,78,4,42410900
1773510437.681744,S,OUT,6,78,5,430901c0f2
1773510437.682502,C,IN ,5,78,27,440917c000fe0000aa000000000000fe020001aa00000000010087
1773510437.682834,S,OUT,6,78,3,064409
1773510437.807161,S,OUT,6,78,25,400915c000fe0000aa00000000000000000000000000000039
1773510437.808133,C,IN ,5,78,3,064009
1773510437.808485,S,OUT,6,78,5,410901c0f4
1773510437.808924,C,IN ,5,78,4,42410900
1773510437.809238,S,OUT,6,78,5,430901c0f2
1773510437.809939,C,IN ,5,78,27,440917c000fe0000aa000000000000fe020001aa00000000010087
1773510437.810282,S,OUT,6,78,3,064409
1773510438.141714,S,OUT,6,78,25,400915c000fe0000aa00000000000000000000000000000039
1773510438.142676,C,IN ,5,78,3,064009
1773510438.142984,S,OUT,6,78,5,410901c0f4
1773510438.143372,C,IN ,5,78,4,42410900
1773510438.143652,S,OUT,6,78,5,430901c0f2
1773510438.144266,C,IN ,5,78,27,440917c000fe0000aa000000000000fe020001aa00000000010087
1773510438.144586,S,OUT,6,78,3,064409
1773510438.282899,S,OUT,6,78,25,400915c000fe0000aa00000000000000000000000000000039
1773510438.284558,C,IN ,5,78,3,064009
1773510438.285460,S,OUT,6,78,5,410901c0f4
1773510438.286380,C,IN ,5,78,4,42410900
1773510438.286715,S,OUT,6,78,5,430901c0f2
1773510438.287443,C,IN ,5,78,27,440917c000fe0000aa000000000000fe020001aa00000000010087
1773510438.287836,S,OUT,6,78,3,064409
1773510438.419961,S,OUT,6,78,25,400915c000fe0000aa00000000000000000000000000000039
1773510438.420916,C,IN ,5,78,3,064009
1773510438.421320,S,OUT,6,78,5,410901c0f4
1773510438.421785,C,IN ,5,78,4,42410900
1773510438.422190,S,OUT,6,78,5,430901c0f2
1773510438.422924,C,IN ,5,78,27,440917c000fe0000aa000000000000fe020001aa00000000010087
1773510438.423413,S,OUT,6,78,3,064409
1773510438.558854,S,OUT,6,78,25,400915c000fe0000aa00000000000000000000000000000039
1773510438.559789,C,IN ,5,78,3,064009
1773510438.560210,S,OUT,6,78,5,410901c0f4
1773510438.560745,C,IN ,5,78,4,42410900
1773510438.561130,S,OUT,6,78,5,430901c0f2
1773510438.561857,C,IN ,5,78,27,440917c000fe0000aa000000000000fe020001aa00000000010087
1773510438.562214,S,OUT,6,78,3,064409
1773510438.896342,S,OUT,6,78,25,400915c000fe0000aa00000000000000000000000000000039
1773510438.897331,C,IN ,5,78,3,064009
1773510438.897694,S,OUT,6,78,5,410901c0f4
1773510438.898100,C,IN ,5,78,4,42410900
1773510438.898382,S,OUT,6,78,5,430901c0f2
1773510438.899016,C,IN ,5,78,27,440917c000fe0000aa000000000000fe020001aa00000000010087
1773510438.899274,S,OUT,6,78,3,064409
1773510439.108025,S,OUT,6,78,25,400915c000fe0000aa00000000000000000000000000000039
1773510439.108995,C,IN ,5,78,3,064009
1773510439.110047,S,OUT,6,78,5,410901c0f4
1773510439.112140,C,IN ,5,78,4,42410900
1773510439.112518,S,OUT,6,78,5,430901c0f2
1773510439.113180,C,IN ,5,78,27,440917c000fe0000aa000000000000fe020001aa00000000010087
1773510439.114133,S,OUT,6,78,3,064409
1773510439.522268,S,OUT,6,78,25,400915c000fe0000aa00000000000000000000000000000039
1773510439.523116,C,IN ,5,78,3,064009
1773510439.523459,S,OUT,6,78,5,410901c0f4
1773510439.523913,C,IN ,5,78,4,42410900
1773510439.524189,S,OUT,6,78,5,430901c0f2
1773510439.524874,C,IN ,5,78,27,440917c000fe0000aa000000000000fe020001aa00000000010087
1773510439.525248,S,OUT,6,78,3,064409
1773510439.527219,S,OUT,6,78,28,400918c0ff060300aa00000000000000000000000000000022235295
1773510439.528885,C,IN ,5,78,3,064009
1773510439.529686,S,OUT,6,78,5,410901c0f4
1773510439.532045,C,IN ,5,78,4,42410901
1773510439.532546,S,OUT,6,78,5,410901c0f4
1773510439.533020,C,IN ,5,78,4,42410901
1773510439.533400,S,OUT,6,78,5,410901c0f4
1773510439.533824,C,IN ,5,78,4,42410901
1773510439.534180,S,OUT,6,78,5,410901c0f4
1773510439.534571,C,IN ,5,78,4,42410901
1773510439.534913,S,OUT,6,78,5,410901c0f4
1773510439.535415,C,IN ,5,78,4,42410901
1773510439.535750,S,OUT,6,78,5,410901c0f4
1773510439.536218,C,IN ,5,78,4,42410901
1773510439.536530,S,OUT,6,78,5,410901c0f4
1773510439.536994,C,IN ,5,78,4,42410901
1773510439.537377,S,OUT,6,78,5,410901c0f4
1773510439.537890,C,IN ,5,78,4,42410901
1773510439.538242,S,OUT,6,78,5,410901c0f4
1773510439.538764,C,IN ,5,78,4,42410901
1773510439.539022,S,OUT,6,78,5,410901c0f4
1773510439.539449,C,IN ,5,78,4,42410901
1773510439.539699,S,OUT,6,78,5,410901c0f4
1773510439.540150,C,IN ,5,78,4,42410901
1773510439.540423,S,OUT,6,78,5,410901c0f4
1773510439.540791,C,IN ,5,78,4,42410901
1773510439.541130,S,OUT,6,78,5,410901c0f4
1773510439.541539,C,IN ,5,78,4,42410901
1773510439.541814,S,OUT,6,78,5,410901c0f4
1773510439.542255,C,IN ,5,78,4,42410901
1773510439.542524,S,OUT,6,78,5,410901c0f4
1773510439.542916,C,IN ,5,78,4,42410901
1773510439.543181,S,OUT,6,78,5,410901c0f4
1773510439.543570,C,IN ,5,78,4,42410901
1773510439.543833,S,OUT,6,78,5,410901c0f4
1773510439.544196,C,IN ,5,78,4,42410901
1773510439.544445,S,OUT,6,78,5,410901c0f4
1773510439.544776,C,IN ,5,78,4,42410901
1773510439.545095,S,OUT,6,78,5,410901c0f4
1773510439.545539,C,IN ,5,78,4,42410901
1773510439.545791,S,OUT,6,78,5,410901c0f4
1773510439.546201,C,IN ,5,78,4,42410901
1773510439.546570,S,OUT,6,78,5,410901c0f4
1773510439.546940,C,IN ,5,78,4,42410901
1773510439.547199,S,OUT,6,78,5,410901c0f4
1773510439.547634,C,IN ,5,78,4,42410901
1773510439.547882,S,OUT,6,78,5,410901c0f4
1773510439.548250,C,IN ,5,78,4,42410901
1773510439.548508,S,OUT,6,78,5,410901c0f4
1773510439.548942,C,IN ,5,78,4,42410901
1773510439.549198,S,OUT,6,78,5,410901c0f4
1773510439.549649,C,IN ,5,78,4,42410901
1773510439.549932,S,OUT,6,78,5,410901c0f4
1773510439.550316,C,IN ,5,78,4,42410901
1773510439.550584,S,OUT,6,78,5,410901c0f4
1773510439.550979,C,IN ,5,78,4,42410901
1773510439.551290,S,OUT,6,78,5,410901c0f4
1773510439.551815,C,IN ,5,78,4,42410901
1773510439.552143,S,OUT,6,78,5,410901c0f4
1773510439.552567,C,IN ,5,78,4,42410901
1773510439.552865,S,OUT,6,78,5,410901c0f4
1773510439.553364,C,IN ,5,78,4,42410901
1773510439.553672,S,OUT,6,78,5,410901c0f4
1773510439.554149,C,IN ,5,78,4,42410901
1773510439.554431,S,OUT,6,78,5,410901c0f4
1773510439.554857,C,IN ,5,78,4,42410900
1773510439.555124,S,OUT,6,78,5,430901c0f2
1773510439.555923,C,IN ,5,78,34,44091ec0ff060300aa0000000000ff06090001aa0000000001120400056223520175
1773510439.556265,S,OUT,6,78,3,064409
1773510439.557616,S,OUT,6,78,28,400918c0ff060300aa00000000000000000000000000000022235196
1773510439.559358,C,IN ,5,78,3,064009
1773510439.559725,S,OUT,6,78,5,410901c0f4
1773510439.562796,C,IN ,5,78,4,42410901
1773510439.563224,S,OUT,6,78,5,410901c0f4
1773510439.563803,C,IN ,5,78,4,42410901
1773510439.564217,S,OUT,6,78,5,410901c0f4
1773510439.564681,C,IN ,5,78,4,42410901
1773510439.565020,S,OUT,6,78,5,410901c0f4
1773510439.565437,C,IN ,5,78,4,42410901
1773510439.565776,S,OUT,6,78,5,410901c0f4
1773510439.566231,C,IN ,5,78,4,42410901
1773510439.566542,S,OUT,6,78,5,410901c0f4
1773510439.566943,C,IN ,5,78,4,42410901
1773510439.567204,S,OUT,6,78,5,410901c0f4
1773510439.567602,C,IN ,5,78,4,42410901
1773510439.567896,S,OUT,6,78,5,410901c0f4
1773510439.568258,C,IN ,5,78,4,42410901
1773510439.568515,S,OUT,6,78,5,410901c0f4
1773510439.568879,C,IN ,5,78,4,42410901
1773510439.569123,S,OUT,6,78,5,410901c0f4
1773510439.569530,C,IN ,5,78,4,42410901
1773510439.569784,S,OUT,6,78,5,410901c0f4
1773510439.570202,C,IN ,5,78,4,42410901
1773510439.570434,S,OUT,6,78,5,410901c0f4
1773510439.570805,C,IN ,5,78,4,42410901
1773510439.571043,S,OUT,6,78,5,410901c0f4
1773510439.571420,C,IN ,5,78,4,42410901
1773510439.571663,S,OUT,6,78,5,410901c0f4
1773510439.571988,C,IN ,5,78,4,42410901
1773510439.572228,S,OUT,6,78,5,410901c0f4
1773510439.572655,C,IN ,5,78,4,42410901
1773510439.572887,S,OUT,6,78,5,410901c0f4
1773510439.573259,C,IN ,5,78,4,42410901
1773510439.573486,S,OUT,6,78,5,410901c0f4
1773510439.573826,C,IN ,5,78,4,42410901
1773510439.574107,S,OUT,6,78,5,410901c0f4
1773510439.574528,C,IN ,5,78,4,42410901
1773510439.574803,S,OUT,6,78,5,410901c0f4
1773510439.575276,C,IN ,5,78,4,42410901
1773510439.575593,S,OUT,6,78,5,410901c0f4
1773510439.575940,C,IN ,5,78,4,42410901
1773510439.576208,S,OUT,6,78,5,410901c0f4
1773510439.576629,C,IN ,5,78,4,42410901
1773510439.576871,S,OUT,6,78,5,410901c0f4
1773510439.577215,C,IN ,5,78,4,42410901
1773510439.577580,S,OUT,6,78,5,410901c0f4
1773510439.577984,C,IN ,5,78,4,42410901
1773510439.578306,S,OUT,6,78,5,410901c0f4
1773510439.578747,C,IN ,5,78,4,42410901
1773510439.579055,S,OUT,6,78,5,410901c0f4
1773510439.579465,C,IN ,5,78,4,42410901
1773510439.579699,S,OUT,6,78,5,410901c0f4
1773510439.580058,C,IN ,5,78,4,42410901
1773510439.580309,S,OUT,6,78,5,410901c0f4
1773510439.580750,C,IN ,5,78,4,42410901
1773510439.580997,S,OUT,6,78,5,410901c0f4
1773510439.581412,C,IN ,5,78,4,42410901
1773510439.581679,S,OUT,6,78,5,410901c0f4
1773510439.582182,C,IN ,5,78,4,42410901
1773510439.582516,S,OUT,6,78,5,410901c0f4
1773510439.583042,C,IN ,5,78,4,42410901
1773510439.583410,S,OUT,6,78,5,410901c0f4
1773510439.583887,C,IN ,5,78,4,42410901
1773510439.584155,S,OUT,6,78,5,410901c0f4
1773510439.584598,C,IN ,5,78,4,42410901
1773510439.584967,S,OUT,6,78,5,410901c0f4
1773510439.585379,C,IN ,5,78,4,42410901
1773510439.585675,S,OUT,6,78,5,410901c0f4
1773510439.586070,C,IN ,5,78,4,42410901
1773510439.586345,S,OUT,6,78,5,410901c0f4
1773510439.586763,C,IN ,5,78,4,42410901
1773510439.587066,S,OUT,6,78,5,410901c0f4
1773510439.587435,C,IN ,5,78,4,42410901
1773510439.588324,S,OUT,6,78,5,410901c0f4
1773510439.588762,C,IN ,5,78,4,42410901
1773510439.589034,S,OUT,6,78,5,410901c0f4
1773510439.589436,C,IN ,5,78,4,42410901
1773510439.589694,S,OUT,6,78,5,410901c0f4
1773510439.590049,C,IN ,5,78,4,42410901
1773510439.590398,S,OUT,6,78,5,410901c0f4
1773510439.590780,C,IN ,5,78,4,42410901
1773510439.591053,S,OUT,6,78,5,410901c0f4
1773510439.591412,C,IN ,5,78,4,42410901
1773510439.591728,S,OUT,6,78,5,410901c0f4
1773510439.592083,C,IN ,5,78,4,42410901
1773510439.592336,S,OUT,6,78,5,410901c0f4
1773510439.592758,C,IN ,5,78,4,42410901
1773510439.593047,S,OUT,6,78,5,410901c0f4
1773510439.593485,C,IN ,5,78,4,42410901
1773510439.593744,S,OUT,6,78,5,410901c0f4
1773510439.594290,C,IN ,5,78,4,42410901
1773510439.594552,S,OUT,6,78,5,410901c0f4
1773510439.594983,C,IN ,5,78,4,42410900
1773510439.595313,S,OUT,6,78,5,430901c0f2
1773510439.596127,C,IN ,5,78,34,44091ec0ff060300aa0000000000ff06090001aa0000000001120400056223510077
1773510439.596408,S,OUT,6,78,3,064409
1773510439.597813,S,OUT,6,78,28,400918c0ff060300aa00000000000000000000000000000022235394
1773510439.599503,C,IN ,5,78,3,064009
1773510439.600062,S,OUT,6,78,5,410901c0f4
1773510439.603133,C,IN ,5,78,4,42410901
1773510439.603580,S,OUT,6,78,5,410901c0f4
1773510439.604111,C,IN ,5,78,4,42410901
1773510439.604467,S,OUT,6,78,5,410901c0f4
1773510439.604876,C,IN ,5,78,4,42410901
1773510439.605594,S,OUT,6,78,5,410901c0f4
1773510439.606046,C,IN ,5,78,4,42410901
1773510439.606382,S,OUT,6,78,5,410901c0f4
1773510439.606834,C,IN ,5,78,4,42410901
1773510439.607134,S,OUT,6,78,5,410901c0f4
1773510439.607537,C,IN ,5,78,4,42410901
1773510439.607797,S,OUT,6,78,5,410901c0f4
1773510439.608184,C,IN ,5,78,4,42410901
1773510439.608437,S,OUT,6,78,5,410901c0f4
1773510439.608973,C,IN ,5,78,4,42410901
1773510439.609270,S,OUT,6,78,5,410901c0f4
1773510439.609698,C,IN ,5,78,4,42410901
1773510439.609983,S,OUT,6,78,5,410901c0f4
1773510439.610331,C,IN ,5,78,4,42410901
1773510439.610605,S,OUT,6,78,5,410901c0f4
1773510439.611083,C,IN ,5,78,4,42410901
1773510439.611408,S,OUT,6,78,5,410901c0f4
1773510439.611842,C,IN ,5,78,4,42410901
1773510439.612133,S,OUT,6,78,5,410901c0f4
1773510439.612558,C,IN ,5,78,4,42410901
1773510439.612816,S,OUT,6,78,5,410901c0f4
1773510439.613194,C,IN ,5,78,4,42410901
1773510439.613436,S,OUT,6,78,5,410901c0f4
1773510439.613830,C,IN ,5,78,4,42410901
1773510439.614074,S,OUT,6,78,5,410901c0f4
1773510439.614434,C,IN ,5,78,4,42410901
1773510439.614670,S,OUT,6,78,5,410901c0f4
1773510439.615044,C,IN ,5,78,4,42410901
1773510439.615318,S,OUT,6,78,5,410901c0f4
1773510439.615737,C,IN ,5,78,4,42410901
1773510439.616020,S,OUT,6,78,5,410901c0f4
1773510439.616417,C,IN ,5,78,4,42410901
1773510439.616698,S,OUT,6,78,5,410901c0f4
1773510439.617112,C,IN ,5,78,4,42410901
1773510439.617397,S,OUT,6,78,5,410901c0f4
1773510439.617802,C,IN ,5,78,4,42410901
1773510439.618126,S,OUT,6,78,5,410901c0f4
1773510439.618588,C,IN ,5,78,4,42410901
1773510439.618868,S,OUT,6,78,5,410901c0f4
1773510439.619259,C,IN ,5,78,4,42410901
1773510439.619509,S,OUT,6,78,5,410901c0f4
1773510439.619959,C,IN ,5,78,4,42410901
1773510439.620191,S,OUT,6,78,5,410901c0f4
1773510439.620529,C,IN ,5,78,4,42410901
1773510439.620758,S,OUT,6,78,5,410901c0f4
1773510439.621081,C,IN ,5,78,4,42410901
1773510439.621321,S,OUT,6,78,5,410901c0f4
1773510439.621693,C,IN ,5,78,4,42410901
1773510439.621935,S,OUT,6,78,5,410901c0f4
1773510439.622293,C,IN ,5,78,4,42410901
1773510439.622552,S,OUT,6,78,5,410901c0f4
1773510439.623006,C,IN ,5,78,4,42410901
1773510439.623263,S,OUT,6,78,5,410901c0f4
1773510439.623659,C,IN ,5,78,4,42410901
1773510439.623893,S,OUT,6,78,5,410901c0f4
1773510439.624483,C,IN ,5,78,4,42410901
1773510439.624805,S,OUT,6,78,5,410901c0f4
1773510439.625237,C,IN ,5,78,4,42410900
1773510439.625545,S,OUT,6,78,5,430901c0f2
1773510439.626439,C,IN ,5,78,34,44091ec0ff060300aa0000000000ff06090001aa0000000001120400056223530075
1773510439.626685,S,OUT,6,78,3,064409
1773510439.628109,S,OUT,6,78,28,400918c0ff060300aa00000000000000000000000000000022235196
1773510439.629789,C,IN ,5,78,3,064009
1773510439.630101,S,OUT,6,78,5,410901c0f4
1773510439.633378,C,IN ,5,78,4,42410901
1773510439.634234,S,OUT,6,78,5,410901c0f4
1773510439.634823,C,IN ,5,78,4,42410901
1773510439.635194,S,OUT,6,78,5,410901c0f4
1773510439.635617,C,IN ,5,78,4,42410901
1773510439.636007,S,OUT,6,78,5,410901c0f4
1773510439.636464,C,IN ,5,78,4,42410901
1773510439.636750,S,OUT,6,78,5,410901c0f4
1773510439.637097,C,IN ,5,78,4,42410901
1773510439.637420,S,OUT,6,78,5,410901c0f4
1773510439.637844,C,IN ,5,78,4,42410901
1773510439.638111,S,OUT,6,78,5,410901c0f4
1773510439.638486,C,IN ,5,78,4,42410901
1773510439.638731,S,OUT,6,78,5,410901c0f4
1773510439.639148,C,IN ,5,78,4,42410901
1773510439.639411,S,OUT,6,78,5,410901c0f4
1773510439.639764,C,IN ,5,78,4,42410901
1773510439.640159,S,OUT,6,78,5,410901c0f4
1773510439.640686,C,IN ,5,78,4,42410901
1773510439.641116,S,OUT,6,78,5,410901c0f4
1773510439.641474,C,IN ,5,78,4,42410901
1773510439.641805,S,OUT,6,78,5,410901c0f4
1773510439.642251,C,IN ,5,78,4,42410901
1773510439.642502,S,OUT,6,78,5,410901c0f4
1773510439.642918,C,IN ,5,78,4,42410901
1773510439.643178,S,OUT,6,78,5,410901c0f4
1773510439.643570,C,IN ,5,78,4,42410901
1773510439.643847,S,OUT,6,78,5,410901c0f4
1773510439.644264,C,IN ,5,78,4,42410901
1773510439.644588,S,OUT,6,78,5,410901c0f4
1773510439.645064,C,IN ,5,78,4,42410901
1773510439.645392,S,OUT,6,78,5,410901c0f4
1773510439.645837,C,IN ,5,78,4,42410901
1773510439.646170,S,OUT,6,78,5,410901c0f4
1773510439.646582,C,IN ,5,78,4,42410901
1773510439.646902,S,OUT,6,78,5,410901c0f4
1773510439.647308,C,IN ,5,78,4,42410901
1773510439.647604,S,OUT,6,78,5,410901c0f4
1773510439.648004,C,IN ,5,78,4,42410901
1773510439.648344,S,OUT,6,78,5,410901c0f4
1773510439.648820,C,IN ,5,78,4,42410901
1773510439.649148,S,OUT,6,78,5,410901c0f4
1773510439.649600,C,IN ,5,78,4,42410901
1773510439.650035,S,OUT,6,78,5,410901c0f4
1773510439.651221,C,IN ,5,78,4,42410901
1773510439.651681,S,OUT,6,78,5,410901c0f4
1773510439.652196,C,IN ,5,78,4,42410901
1773510439.652587,S,OUT,6,78,5,410901c0f4
1773510439.652993,C,IN ,5,78,4,42410901
1773510439.653269,S,OUT,6,78,5,410901c0f4
1773510439.653660,C,IN ,5,78,4,42410901
1773510439.653914,S,OUT,6,78,5,410901c0f4
1773510439.654418,C,IN ,5,78,4,42410901
1773510439.654733,S,OUT,6,78,5,410901c0f4
1773510439.655211,C,IN ,5,78,4,42410900
1773510439.655621,S,OUT,6,78,5,430901c0f2
1773510439.656468,C,IN ,5,78,34,44091ec0ff060300aa0000000000ff06090001aa0000000001120400056223510077
1773510439.656777,S,OUT,6,78,3,064409
1773510439.658358,S,OUT,6,78,28,400918c0ff060300aa00000000000000000000000000000022235196
1773510439.660112,C,IN ,5,78,3,064009
1773510439.660380,S,OUT,6,78,5,410901c0f4
1773510439.663327,C,IN ,5,78,4,42410901
1773510439.663739,S,OUT,6,78,5,410901c0f4
1773510439.664418,C,IN ,5,78,4,42410901
1773510439.664844,S,OUT,6,78,5,410901c0f4
1773510439.665419,C,IN ,5,78,4,42410901
1773510439.665794,S,OUT,6,78,5,410901c0f4
1773510439.666330,C,IN ,5,78,4,42410901
1773510439.666760,S,OUT,6,78,5,410901c0f4
1773510439.667242,C,IN ,5,78,4,42410901
1773510439.667589,S,OUT,6,78,5,410901c0f4
1773510439.668267,C,IN ,5,78,4,42410901
1773510439.668616,S,OUT,6,78,5,410901c0f4
1773510439.669039,C,IN ,5,78,4,42410901
1773510439.669311,S,OUT,6,78,5,410901c0f4
1773510439.669724,C,IN ,5,78,4,42410901
1773510439.670022,S,OUT,6,78,5,410901c0f4
1773510439.670415,C,IN ,5,78,4,42410901
1773510439.670729,S,OUT,6,78,5,410901c0f4
1773510439.671224,C,IN ,5,78,4,42410901
1773510439.671508,S,OUT,6,78,5,410901c0f4
1773510439.671849,C,IN ,5,78,4,42410901
1773510439.672167,S,OUT,6,78,5,410901c0f4
1773510439.672547,C,IN ,5,78,4,42410901
1773510439.672813,S,OUT,6,78,5,410901c0f4
1773510439.673240,C,IN ,5,78,4,42410901
1773510439.673498,S,OUT,6,78,5,410901c0f4
1773510439.673871,C,IN ,5,78,4,42410901
1773510439.674120,S,OUT,6,78,5,410901c0f4
1773510439.674495,C,IN ,5,78,4,42410901
1773510439.674749,S,OUT,6,78,5,410901c0f4
1773510439.675188,C,IN ,5,78,4,42410901
1773510439.675441,S,OUT,6,78,5,410901c0f4
1773510439.675789,C,IN ,5,78,4,42410901
1773510439.676073,S,OUT,6,78,5,410901c0f4
1773510439.676483,C,IN ,5,78,4,42410901
1773510439.676751,S,OUT,6,78,5,410901c0f4
1773510439.677162,C,IN ,5,78,4,42410901
1773510439.677452,S,OUT,6,78,5,410901c0f4
1773510439.677828,C,IN ,5,78,4,42410901
1773510439.678091,S,OUT,6,78,5,410901c0f4
1773510439.678503,C,IN ,5,78,4,42410901
1773510439.678841,S,OUT,6,78,5,410901c0f4
1773510439.679250,C,IN ,5,78,4,42410901
1773510439.679535,S,OUT,6,78,5,410901c0f4
1773510439.679912,C,IN ,5,78,4,42410901
1773510439.680186,S,OUT,6,78,5,410901c0f4
1773510439.680545,C,IN ,5,78,4,42410901
1773510439.680819,S,OUT,6,78,5,410901c0f4
1773510439.681251,C,IN ,5,78,4,42410901
1773510439.681723,S,OUT,6,78,5,410901c0f4
1773510439.682318,C,IN ,5,78,4,42410901
1773510439.682763,S,OUT,6,78,5,410901c0f4
1773510439.683311,C,IN ,5,78,4,42410901
1773510439.683770,S,OUT,6,78,5,410901c0f4
1773510439.684288,C,IN ,5,78,4,42410901
1773510439.684710,S,OUT,6,78,5,410901c0f4
1773510439.685247,C,IN ,5,78,4,42410901
1773510439.685625,S,OUT,6,78,5,410901c0f4
1773510439.686085,C,IN ,5,78,4,42410901
1773510439.686417,S,OUT,6,78,5,410901c0f4
1773510439.687088,C,IN ,5,78,4,42410901
1773510439.687445,S,OUT,6,78,5,410901c0f4
1773510439.687886,C,IN ,5,78,4,42410901
1773510439.688240,S,OUT,6,78,5,410901c0f4
1773510439.688651,C,IN ,5,78,4,42410901
1773510439.688962,S,OUT,6,78,5,410901c0f4
1773510439.689419,C,IN ,5,78,4,42410901
1773510439.689728,S,OUT,6,78,5,410901c0f4
1773510439.690184,C,IN ,5,78,4,42410901
1773510439.690601,S,OUT,6,78,5,410901c0f4
1773510439.691146,C,IN ,5,78,4,42410901
1773510439.691698,S,OUT,6,78,5,410901c0f4
1773510439.692260,C,IN ,5,78,4,42410901
1773510439.692714,S,OUT,6,78,5,410901c0f4
1773510439.693270,C,IN ,5,78,4,42410901
1773510439.693762,S,OUT,6,78,5,410901c0f4
1773510439.694426,C,IN ,5,78,4,42410901
1773510439.694865,S,OUT,6,78,5,410901c0f4
1773510439.695578,C,IN ,5,78,4,42410900
1773510439.696275,S,OUT,6,78,5,430901c0f2
1773510439.697015,C,IN ,5,78,34,44091ec0ff060300aa0000000000ff06090001aa0000000001120400056223510077
1773510439.697472,S,OUT,6,78,3,064409
1773510439.700551,S,OUT,6,78,28,400918c0ff060300aa00000000000000000000000000000022235295
1773510439.702320,C,IN ,5,78,3,064009
1773510439.703172,S,OUT,6,78,5,410901c0f4
1773510439.705505,C,IN ,5,78,4,42410901
1773510439.706268,S,OUT,6,78,5,410901c0f4
1773510439.707132,C,IN ,5,78,4,42410901
1773510439.707835,S,OUT,6,78,5,410901c0f4
1773510439.708776,C,IN ,5,78,4,42410901
1773510439.709548,S,OUT,6,78,5,410901c0f4
1773510439.710430,C,IN ,5,78,4,42410901
1773510439.711188,S,OUT,6,78,5,410901c0f4
1773510439.712136,C,IN ,5,78,4,42410901
1773510439.712860,S,OUT,6,78,5,410901c0f4
1773510439.713963,C,IN ,5,78,4,42410901
1773510439.714657,S,OUT,6,78,5,410901c0f4
1773510439.715687,C,IN ,5,78,4,42410901
1773510439.716501,S,OUT,6,78,5,410901c0f4
1773510439.718109,C,IN ,5,78,4,42410901
1773510439.719843,S,OUT,6,78,5,410901c0f4
1773510439.720903,C,IN ,5,78,4,42410901
1773510439.722025,S,OUT,6,78,5,410901c0f4
1773510439.723025,C,IN ,5,78,4,42410901
1773510439.723797,S,OUT,6,78,5,410901c0f4
1773510439.724795,C,IN ,5,78,4,42410901
1773510439.725637,S,OUT,6,78,5,410901c0f4
1773510439.726684,C,IN ,5,78,4,42410901
1773510439.727462,S,OUT,6,78,5,410901c0f4
1773510439.728798,C,IN ,5,78,4,42410901
1773510439.729782,S,OUT,6,78,5,410901c0f4
1773510439.730919,C,IN ,5,78,4,42410901
1773510439.731738,S,OUT,6,78,5,410901c0f4
1773510439.732590,C,IN ,5,78,4,42410901
1773510439.733540,S,OUT,6,78,5,410901c0f4
1773510439.734820,C,IN ,5,78,4,42410901
1773510439.737491,S,OUT,6,78,5,410901c0f4
1773510439.738585,C,IN ,5,78,4,42410900
1773510439.739342,S,OUT,6,78,5,430901c0f2
1773510439.740309,C,IN ,5,78,34,44091ec0ff060300aa0000000000ff06090001aa0000000001120400056223520175
1773510439.741158,S,OUT,6,78,3,064409
1773510439.745518,S,OUT,6,78,28,400918c0ff060300aa00000000000000000000000000000022235394
1773510439.747180,C,IN ,5,78,3,064009
1773510439.748047,S,OUT,6,78,5,410901c0f4
1773510439.750752,C,IN ,5,78,4,42410901
1773510439.752547,S,OUT,6,78,5,410901c0f4
1773510439.753877,C,IN ,5,78,4,42410901
1773510439.754813,S,OUT,6,78,5,410901c0f4
1773510439.755821,C,IN ,5,78,4,42410901
1773510439.756638,S,OUT,6,78,5,410901c0f4
1773510439.757676,C,IN ,5,78,4,42410901
1773510439.758590,S,OUT,6,78,5,410901c0f4
1773510439.759505,C,IN ,5,78,4,42410901
1773510439.760247,S,OUT,6,78,5,410901c0f4
1773510439.761313,C,IN ,5,78,4,42410901
1773510439.762327,S,OUT,6,78,5,410901c0f4
1773510439.763235,C,IN ,5,78,4,42410901
1773510439.764046,S,OUT,6,78,5,410901c0f4
1773510439.764937,C,IN ,5,78,4,42410901
1773510439.765811,S,OUT,6,78,5,410901c0f4
1773510439.767237,C,IN ,5,78,4,42410901
1773510439.768471,S,OUT,6,78,5,410901c0f4
1773510439.769763,C,IN ,5,78,4,42410901
1773510439.770806,S,OUT,6,78,5,410901c0f4
1773510439.771763,C,IN ,5,78,4,42410901
1773510439.772554,S,OUT,6,78,5,410901c0f4
1773510439.773592,C,IN ,5,78,4,42410901
1773510439.774388,S,OUT,6,78,5,410901c0f4
1773510439.775294,C,IN ,5,78,4,42410901
1773510439.777149,S,OUT,6,78,5,410901c0f4
1773510439.778083,C,IN ,5,78,4,42410900
1773510439.778991,S,OUT,6,78,5,430901c0f2
1773510439.780155,C,IN ,5,78,34,44091ec0ff060300aa0000000000ff06090001aa0000000001120400056223530075
1773510439.781637,S,OUT,6,78,3,064409
1773510439.786707,S,OUT,6,78,28,400918c0ff060300aa0000000000000000000000000000002223bb2c
1773510439.788436,C,IN ,5,78,3,064009
1773510439.789453,S,OUT,6,78,5,410901c0f4
1773510439.791871,C,IN ,5,78,4,42410901
1773510439.792808,S,OUT,6,78,5,410901c0f4
1773510439.794090,C,IN ,5,78,4,42410901
1773510439.796877,S,OUT,6,78,5,410901c0f4
1773510439.798242,C,IN ,5,78,4,42410901
1773510439.799044,S,OUT,6,78,5,410901c0f4
1773510439.799906,C,IN ,5,78,4,42410901
1773510439.800804,S,OUT,6,78,5,410901c0f4
1773510439.802182,C,IN ,5,78,4,42410901
1773510439.803256,S,OUT,6,78,5,410901c0f4
1773510439.804512,C,IN ,5,78,4,42410901
1773510439.805473,S,OUT,6,78,5,410901c0f4
1773510439.806483,C,IN ,5,78,4,42410901
1773510439.807253,S,OUT,6,78,5,410901c0f4
1773510439.808278,C,IN ,5,78,4,42410901
1773510439.809141,S,OUT,6,78,5,410901c0f4
1773510439.810140,C,IN ,5,78,4,42410901
1773510439.811016,S,OUT,6,78,5,410901c0f4
1773510439.812502,C,IN ,5,78,4,42410901
1773510439.813375,S,OUT,6,78,5,410901c0f4
1773510439.814527,C,IN ,5,78,4,42410901
1773510439.815444,S,OUT,6,78,5,410901c0f4
1773510439.816387,C,IN ,5,78,4,42410900
1773510439.817244,S,OUT,6,78,5,430901c0f2
1773510439.818668,C,IN ,5,78,34,44091ec0ff060300aa0000000000ff06090001aa0000000001120400056223bb000d
1773510439.819858,S,OUT,6,78,3,064409
1773510440.563549,S,OUT,6,78,25,400915c000fe0000aa00000000000000000000000000000039
1773510440.564530,C,IN ,5,78,3,064009
1773510440.565272,S,OUT,6,78,5,410901c0f4
1773510440.566195,C,IN ,5,78,4,42410900
1773510440.566610,S,OUT,6,78,5,430901c0f2
1773510440.567274,C,IN ,5,78,27,440917c000fe0000aa000000000000fe020001aa00000000010087
1773510440.567664,S,OUT,6,78,3,064409
1773510455.998011,S,OUT,6,78,25,400915c000fe0000aa00000000000000000000000000000039
1773510455.998925,C,IN ,5,78,3,064009
1773510455.999346,S,OUT,6,78,5,410901c0f4
1773510456.001018,C,IN ,5,78,4,42410900
1773510456.001508,S,OUT,6,78,5,430901c0f2
1773510456.002368,C,IN ,5,78,27,440917c000fe0000aa000000000000fe020001aa00000000010087
1773510456.002776,S,OUT,6,78,3,064409
1773510484.301341,S,OUT,6,78,25,400915c000fe0000aa00000000000000000000000000000039
1773510484.302255,C,IN ,5,78,3,064009
1773510484.302580,S,OUT,6,78,5,410901c0f4
1773510484.302989,C,IN ,5,78,4,42410900
1773510484.303334,S,OUT,6,78,5,430901c0f2
1773510484.304140,C,IN ,5,78,27,440917c000fe0000aa000000000000fe020001aa00000000010087
1773510484.304993,S,OUT,6,78,3,064409
1773510484.345653,S,OUT,6,78,31,40091bc0ff060600010000000000000000000000000000002fd875030a0145
1773510484.347402,C,IN ,5,78,3,064009
1773510484.347828,S,OUT,6,78,5,410901c0f4
1773510484.350722,C,IN ,5,78,4,42410901
1773510484.351446,S,OUT,6,78,5,410901c0f4
1773510484.352030,C,IN ,5,78,4,42410901
1773510484.352362,S,OUT,6,78,5,410901c0f4
1773510484.352849,C,IN ,5,78,4,42410901
1773510484.353155,S,OUT,6,78,5,410901c0f4
1773510484.353515,C,IN ,5,78,4,42410901
1773510484.353791,S,OUT,6,78,5,410901c0f4
1773510484.354180,C,IN ,5,78,4,42410901
1773510484.354509,S,OUT,6,78,5,410901c0f4
1773510484.354969,C,IN ,5,78,4,42410901
1773510484.355286,S,OUT,6,78,5,410901c0f4
1773510484.355682,C,IN ,5,78,4,42410901
1773510484.356005,S,OUT,6,78,5,410901c0f4
1773510484.356349,C,IN ,5,78,4,42410901
1773510484.356609,S,OUT,6,78,5,410901c0f4
1773510484.357057,C,IN ,5,78,4,42410901
1773510484.357381,S,OUT,6,78,5,410901c0f4
1773510484.357805,C,IN ,5,78,4,42410901
1773510484.358119,S,OUT,6,78,5,410901c0f4
1773510484.358509,C,IN ,5,78,4,42410901
1773510484.358846,S,OUT,6,78,5,410901c0f4
1773510484.359210,C,IN ,5,78,4,42410901
1773510484.359497,S,OUT,6,78,5,410901c0f4
1773510484.359888,C,IN ,5,78,4,42410901
1773510484.360189,S,OUT,6,78,5,410901c0f4
1773510484.360549,C,IN ,5,78,4,42410901
1773510484.360823,S,OUT,6,78,5,410901c0f4
1773510484.361166,C,IN ,5,78,4,42410901
1773510484.361455,S,OUT,6,78,5,410901c0f4
1773510484.361868,C,IN ,5,78,4,42410901
1773510484.362174,S,OUT,6,78,5,410901c0f4
1773510484.362552,C,IN ,5,78,4,42410901
1773510484.362843,S,OUT,6,78,5,410901c0f4
1773510484.363284,C,IN ,5,78,4,42410901
1773510484.363539,S,OUT,6,78,5,410901c0f4
1773510484.364172,C,IN ,5,78,4,42410901
1773510484.364460,S,OUT,6,78,5,410901c0f4
1773510484.365002,C,IN ,5,78,4,42410900
1773510484.365341,S,OUT,6,78,5,430901c0f2
1773510484.366114,C,IN ,5,78,33,44091dc0ff060600010000000000ff06080001aa0000000001120300057f2f2226
1773510484.366675,S,OUT,6,78,3,064409
